image,crack_id,longitud_cm,abertura_superior_cm,abertura_inferior_cm,abertura_intermedia_cm,inclinacion,criterio_de_falla
20250729_145200.jpg,F1,140.1,0.74,0.59,6.99,Vertical,Falla a Flexión
20250729_145200.jpg,F2,22.62,0.3,0.15,0.38,Diagonal,Falla a Cortante
20250729_145200.jpg,F3,10.89,0.32,0.6,0.88,Horizontal,Falla a Compresión
20250729_145200.jpg,F4,13.99,0.46,0.15,0.86,Vertical,Falla a Flexión
20250729_145200.jpg,F5,481.91,1.77,0.25,0.05,Vertical,Falla a Flexión
20250729_145200.jpg,F6,9.62,0.05,0.48,0.19,Diagonal,Falla a Cortante
20250729_145200.jpg,F7,17.16,0.46,0.25,0.61,Vertical,Falla a Flexión
20250729_145200.jpg,F8,9.73,0.48,0.46,0.42,Diagonal,Falla a Cortante
20250729_145200.jpg,F9,8.53,0.24,0.33,0.43,Diagonal,Falla a Cortante
20250729_145200.jpg,F10,213.99,0.56,0.56,0.05,Diagonal,Falla a Cortante
20250729_145200.jpg,F11,16.6,0.81,0.54,0.25,Diagonal,Falla a Cortante
20250729_145200.jpg,F12,38.48,0.21,0.53,0.31,Diagonal,Falla a Cortante
20250729_145200.jpg,F13,137.69,0.79,4.52,0.48,Vertical,Falla a Flexión
20250729_145200.jpg,F14,19.63,0.36,0.15,0.27,Diagonal,Falla a Cortante
20250729_145200.jpg,F15,5.88,0.05,0.48,0.48,Vertical,Falla a Flexión
20250729_145200.jpg,F16,5.88,0.06,0.25,0.15,Diagonal,Falla a Cortante
20250729_145200.jpg,F17,15.21,0.3,0.51,0.3,Diagonal,Falla a Cortante
20250729_145200.jpg,F18,15.62,0.48,0.36,0.25,Diagonal,Falla a Cortante
20250729_145200.jpg,F19,191.25,8.84,0.18,0.18,Vertical,Falla a Flexión
20250729_145218.jpg,F1,17.11,0.34,0.51,0.61,Diagonal,Falla a Cortante
20250729_145218.jpg,F2,16.97,0.67,0.43,0.18,Vertical,Falla a Flexión
20250729_145218.jpg,F3,19.01,1.1,0.24,0.83,Vertical,Falla a Flexión
20250729_145218.jpg,F4,163.79,0.62,0.18,0.06,Vertical,Fisura No Estructural
20250729_145218.jpg,F5,13.31,0.21,0.46,0.79,Diagonal,Falla a Cortante
20250729_145218.jpg,F6,173.14,0.31,0.21,0.09,Vertical,Fisura No Estructural
20250729_145218.jpg,F7,12.36,0.95,0.49,0.06,Vertical,Falla a Flexión
20250729_145218.jpg,F8,9.81,0.7,1.07,0.12,Vertical,Falla a Flexión
20250729_145218.jpg,F9,9.97,0.24,0.55,0.55,Diagonal,Falla a Cortante
20250729_145218.jpg,F10,180.99,0.18,0.46,0.06,Vertical,Fisura No Estructural
20250729_145218.jpg,F11,14.75,0.09,0.28,0.07,Diagonal,Falla a Cortante
20250729_145218.jpg,F12,10.42,0.27,0.65,0.68,Diagonal,Falla a Cortante
20250729_145218.jpg,F13,8.28,0.06,0.21,0.06,Vertical,Falla a Flexión
20250729_145218.jpg,F14,12.31,0.24,0.79,0.65,Diagonal,Falla a Cortante
20250729_145218.jpg,F15,122.84,0.12,0.43,0.31,Vertical,Fisura No Estructural
20250729_145218.jpg,F16,16.29,0.7,0.64,0.58,Vertical,Fisura No Estructural
20250729_145218.jpg,F17,13.2,0.31,0.34,0.31,Vertical,Falla a Flexión
20250729_145218.jpg,F18,14.94,0.19,0.24,0.24,Horizontal,Falla a Compresión
20250729_145218.jpg,F19,3.6,0.67,0.88,0.67,Vertical,Fisura No Estructural
20250729_145218.jpg,F20,9.56,1.59,1.78,1.87,Vertical,Falla a Flexión
20250729_145220.jpg,F1,15.53,0.06,0.85,0.44,Diagonal,Falla a Cortante
20250729_145220.jpg,F2,18.75,1.03,0.64,0.62,Vertical,Falla a Flexión
20250729_145220.jpg,F3,18.14,1.01,0.57,0.57,Vertical,Falla a Flexión
20250729_145220.jpg,F4,9.07,0.26,0.84,0.34,Diagonal,Falla a Cortante
20250729_145220.jpg,F5,12.79,0.09,0.29,0.37,Diagonal,Falla a Cortante
20250729_145220.jpg,F6,12.97,1.16,0.41,0.06,Vertical,Fisura No Estructural
20250729_145220.jpg,F7,16.74,1.14,1.98,0.56,Vertical,Falla a Flexión
20250729_145220.jpg,F8,16.86,0.28,0.71,0.34,Diagonal,Falla a Cortante
20250729_145220.jpg,F9,17.64,0.26,0.06,0.34,Diagonal,Falla a Cortante
20250729_145220.jpg,F10,13.1,0.06,0.41,0.06,Vertical,Fisura No Estructural
20250729_145220.jpg,F11,18.38,0.41,0.2,0.2,Horizontal,Fisura No Estructural
20250729_145220.jpg,F12,26.69,0.26,0.21,0.46,Diagonal,Falla a Cortante
20250729_145220.jpg,F13,14.63,0.06,0.41,0.06,Vertical,Fisura No Estructural
20250729_145220.jpg,F14,17.59,0.06,0.66,0.54,Diagonal,Falla a Cortante
20250729_145220.jpg,F15,12.66,0.18,0.73,0.7,Vertical,Fisura No Estructural
20250729_145220.jpg,F16,16.55,0.32,0.5,0.18,Diagonal,Falla a Cortante
20250729_145220.jpg,F17,9.8,0.06,0.7,0.06,Diagonal,Falla a Cortante
20250729_145220.jpg,F18,3.83,0.33,0.39,0.67,Vertical,Fisura No Estructural
20250729_145220.jpg,F19,12.14,0.47,0.47,0.06,Vertical,Fisura No Estructural
20250729_145220.jpg,F20,17.41,0.4,0.26,0.18,Diagonal,Falla a Cortante
20250729_145850.jpg,F1,15.98,0.38,0.72,0.41,Vertical,Falla a Flexión
20250729_145850.jpg,F2,12.66,0.41,0.35,0.59,Diagonal,Falla a Cortante
20250729_145850.jpg,F3,14.86,0.44,0.48,0.27,Diagonal,Falla a Cortante
20250729_145850.jpg,F4,18.85,0.39,0.41,0.22,Vertical,Fisura No Estructural
20250729_145850.jpg,F5,14.19,0.27,0.06,0.63,Vertical,Falla a Flexión
20250729_145850.jpg,F6,10.73,0.49,0.32,0.87,Vertical,Falla a Flexión
20250729_145850.jpg,F7,9.98,0.28,0.34,0.38,Vertical,Fisura No Estructural
20250729_145850.jpg,F8,18.74,0.05,0.69,0.05,Vertical,Falla a Flexión
20250729_145850.jpg,F9,17.72,0.33,1.34,0.65,Diagonal,Falla a Cortante
20250729_145850.jpg,F10,16.06,0.33,0.67,0.52,Diagonal,Falla a Cortante
20250729_145850.jpg,F11,11.06,0.76,0.91,1.42,Vertical,Fisura No Estructural
20250729_145850.jpg,F12,12.61,0.17,0.06,0.06,Diagonal,Falla a Cortante
20250729_145850.jpg,F13,15.99,0.06,0.17,0.36,Diagonal,Falla a Cortante
20250729_145850.jpg,F14,7.68,0.43,0.19,0.3,Vertical,Falla a Flexión
20250729_145850.jpg,F15,16.05,0.05,0.05,0.05,Vertical,Falla a Flexión
20250729_145850.jpg,F16,16.81,0.5,0.06,0.39,Horizontal,Falla a Compresión
20250729_145850.jpg,F17,8.28,0.16,0.38,0.11,Vertical,Falla a Flexión
20250729_145850.jpg,F18,12.68,0.06,0.06,0.06,Horizontal,Falla a Compresión
20250729_145850.jpg,F19,9.44,0.16,0.43,0.05,Diagonal,Falla a Cortante
20250729_145850.jpg,F20,10.64,0.28,0.43,0.43,Horizontal,Fisura No Estructural
20250729_145850.jpg,F21,16.08,0.33,0.41,0.22,Diagonal,Falla a Cortante
20250729_145850.jpg,F22,13.82,0.63,0.52,0.3,Diagonal,Falla a Cortante
20250729_145850.jpg,F23,16.28,0.17,0.16,0.36,Diagonal,Falla a Cortante
20250729_145850.jpg,F24,7.2,0.27,0.38,0.19,Diagonal,Falla a Cortante
20250729_145850.jpg,F25,4.73,0.07,0.38,0.69,Diagonal,Falla a Cortante
20250729_145850.jpg,F26,1090.3,134.35,0.05,14.14,Vertical,Fisura No Estructural
20250729_145850.jpg,F27,8.77,0.16,0.58,0.85,Vertical,Fisura No Estructural
20250729_145901.jpg,F1,15.63,0.7,0.57,0.52,Vertical,Falla a Flexión
20250729_145901.jpg,F2,16.69,0.32,0.34,0.34,Vertical,Falla a Flexión
20250729_145901.jpg,F3,16.24,0.46,0.5,0.34,Diagonal,Falla a Cortante
20250729_145901.jpg,F4,15.53,0.43,0.35,0.54,Diagonal,Falla a Cortante
20250729_145901.jpg,F5,95.66,0.42,0.42,0.42,Horizontal,Fisura No Estructural
20250729_145901.jpg,F6,12.69,0.05,0.06,0.06,Vertical,Fisura No Estructural
20250729_145901.jpg,F7,17.12,1.0,0.41,1.0,Vertical,Falla a Flexión
20250729_145901.jpg,F8,12.87,0.43,0.39,0.59,Vertical,Fisura No Estructural
20250729_145901.jpg,F9,14.75,0.43,0.32,0.41,Vertical,Fisura No Estructural
20250729_145901.jpg,F10,8.14,0.14,0.43,0.99,Vertical,Falla a Flexión
20250729_145901.jpg,F11,14.74,0.06,0.14,1.0,Diagonal,Falla a Cortante
20250729_145901.jpg,F12,14.91,0.43,0.57,0.65,Vertical,Falla a Flexión
20250729_145901.jpg,F13,14.8,0.43,0.05,0.38,Vertical,Fisura No Estructural
20250729_145901.jpg,F14,6.37,0.52,0.43,0.43,Vertical,Falla a Flexión
20250729_145901.jpg,F15,11.9,0.23,1.93,0.52,Vertical,Falla a Flexión
20250729_145901.jpg,F16,21.27,0.43,0.06,0.61,Vertical,Fisura No Estructural
20250729_145901.jpg,F17,18.1,0.54,0.11,0.05,Vertical,Fisura No Estructural
20250729_145901.jpg,F18,17.0,0.7,0.78,0.54,Vertical,Falla a Flexión
20250729_145901.jpg,F19,13.44,0.88,0.52,0.81,Vertical,Falla a Flexión
20250729_145901.jpg,F20,3.11,0.41,0.14,0.38,Diagonal,Falla a Cortante
20250729_145901.jpg,F21,19.89,0.61,1.16,1.7,Horizontal,Falla a Compresión
20250729_145901.jpg,F22,86.69,0.05,0.41,1.48,Diagonal,Falla a Cortante
20250729_150533.jpg,F1,23.85,1.75,0.07,0.41,Diagonal,Falla a Cortante
20250729_150533.jpg,F2,20.72,0.69,0.19,0.78,Vertical,Falla a Flexión
20250729_150533.jpg,F3,147.81,1.05,11.11,4.19,Diagonal,Falla a Cortante
20250729_150533.jpg,F4,267.57,17.5,0.06,45.0,Diagonal,Falla a Cortante
20250729_150533.jpg,F5,12.43,0.08,0.86,0.69,Diagonal,Falla a Cortante
20250729_150533.jpg,F6,22.22,0.57,0.98,0.44,Vertical,Falla a Flexión
20250729_150533.jpg,F7,137.82,2.5,2.5,2.5,Horizontal,Fisura No Estructural
20250729_150533.jpg,F8,15.93,0.07,0.83,0.47,Diagonal,Falla a Cortante
20250729_150533.jpg,F9,15.15,0.15,2.85,0.6,Vertical,Falla a Flexión
20250729_150533.jpg,F10,11.43,0.15,0.68,0.19,Diagonal,Falla a Cortante
20250729_150533.jpg,F11,139.27,11.01,36.3,7.34,Diagonal,Falla a Cortante
20250729_150533.jpg,F12,3.8,0.06,0.19,0.07,Diagonal,Falla a Cortante
20250729_150533.jpg,F13,17.66,0.63,0.89,1.1,Vertical,Falla a Flexión
20250729_150533.jpg,F14,14.09,0.08,0.06,0.35,Diagonal,Falla a Cortante
20250729_150533.jpg,F15,13.6,0.07,0.65,0.06,Vertical,Fisura No Estructural
20250729_150533.jpg,F16,24.55,0.07,0.22,0.06,Vertical,Falla a Flexión
20250729_150533.jpg,F17,146.27,1.77,8.84,0.06,Diagonal,Falla a Cortante
20250729_150533.jpg,F18,19.09,0.06,0.08,0.44,Diagonal,Falla a Cortante
20250729_150533.jpg,F19,22.43,0.08,1.14,1.14,Vertical,Falla a Flexión
20250729_150533.jpg,F20,18.94,0.15,0.44,0.53,Vertical,Fisura No Estructural
20250729_150533.jpg,F21,17.09,1.23,0.35,0.98,Diagonal,Falla a Cortante
20250729_150533.jpg,F22,128.81,8.84,8.84,1.77,Diagonal,Falla a Cortante
20250729_150533.jpg,F23,15.56,0.83,0.6,1.08,Diagonal,Falla a Cortante
20250729_150533.jpg,F24,20.68,0.06,0.06,0.06,Vertical,Fisura No Estructural
20250729_150533.jpg,F25,137.8,2.5,2.5,2.5,Horizontal,Fisura No Estructural
20250729_150533.jpg,F26,270.97,2.5,28.75,20.34,Diagonal,Falla a Cortante
20250729_150533.jpg,F27,14.79,0.08,3.3,0.66,Vertical,Falla a Flexión
20250729_150533.jpg,F28,202.83,8.39,42.22,20.0,Diagonal,Falla a Cortante
20250729_150540.jpg,F1,115.38,0.33,0.44,0.44,Vertical,Falla a Flexión
20250729_150540.jpg,F2,15.57,0.81,0.53,0.6,Vertical,Fisura No Estructural
20250729_150540.jpg,F3,52.78,3.63,5.08,0.05,Vertical,Fisura No Estructural
20250729_150540.jpg,F4,13.38,0.28,0.66,0.32,Diagonal,Falla a Cortante
20250729_150540.jpg,F5,17.74,0.28,0.44,0.59,Diagonal,Falla a Cortante
20250729_150540.jpg,F6,17.64,0.72,0.72,0.72,Vertical,Falla a Flexión
20250729_150540.jpg,F7,8.02,0.53,1.06,1.09,Vertical,Fisura No Estructural
20250729_150540.jpg,F8,11.49,0.11,0.42,0.63,Diagonal,Falla a Cortante
20250729_150540.jpg,F9,13.46,0.33,0.42,0.32,Diagonal,Falla a Cortante
20250729_150540.jpg,F10,42.79,3.76,10.7,9.39,Diagonal,Falla a Cortante
20250729_150540.jpg,F11,15.86,0.05,0.08,0.05,Diagonal,Falla a Cortante
20250729_150540.jpg,F12,30.11,0.3,3.26,0.19,Vertical,Fisura No Estructural
20250729_150540.jpg,F13,13.29,0.37,0.05,0.05,Vertical,Fisura No Estructural
20250729_150540.jpg,F14,7.45,0.42,0.69,0.35,Diagonal,Falla a Cortante
20250729_150540.jpg,F15,17.72,0.05,0.23,0.05,Vertical,Fisura No Estructural
20250729_150540.jpg,F16,13.42,0.11,0.74,0.23,Diagonal,Falla a Cortante
20250729_150540.jpg,F17,10.43,0.05,0.59,0.05,Vertical,Fisura No Estructural
20250729_150540.jpg,F18,10.38,0.05,0.19,0.19,Vertical,Fisura No Estructural
20250729_150540.jpg,F19,85.35,0.36,2.18,2.0,Diagonal,Falla a Cortante
20250729_150540.jpg,F20,62.4,0.05,0.37,3.28,Vertical,Fisura No Estructural
20250729_150540.jpg,F21,8.96,0.39,0.37,0.44,Vertical,Falla a Flexión
20250729_150540.jpg,F22,76.93,2.18,0.42,0.51,Diagonal,Falla a Cortante
20250729_150540.jpg,F23,12.8,0.33,0.05,0.05,Vertical,Fisura No Estructural
20250729_150540.jpg,F24,151.25,0.05,0.05,1.82,Vertical,Falla a Flexión
20250729_150540.jpg,F25,9.71,0.26,0.81,0.44,Vertical,Fisura No Estructural
20250729_150540.jpg,F26,63.19,2.55,0.81,0.36,Diagonal,Falla a Cortante
20250729_150540.jpg,F27,13.19,0.05,0.6,0.63,Vertical,Fisura No Estructural
20250729_150540.jpg,F28,6.35,0.05,0.05,0.05,Diagonal,Falla a Cortante
20250729_150540.jpg,F29,19.64,0.58,0.63,0.99,Vertical,Fisura No Estructural
20250729_150540.jpg,F30,44.55,0.33,0.53,10.38,Diagonal,Falla a Cortante
20250729_151240.jpg,F1,19.22,0.05,0.51,0.54,Diagonal,Falla a Cortante
20250729_151240.jpg,F2,13.01,0.5,0.86,0.64,Vertical,Fisura No Estructural
20250729_151240.jpg,F3,12.31,0.06,0.05,0.41,Vertical,Falla a Flexión
20250729_151240.jpg,F4,12.56,0.37,0.54,0.65,Vertical,Falla a Flexión
20250729_151240.jpg,F5,6.05,0.59,0.82,0.5,Diagonal,Falla a Cortante
20250729_151240.jpg,F6,14.95,0.46,0.06,0.06,Vertical,Falla a Flexión
20250729_151240.jpg,F7,15.93,0.42,0.88,0.54,Vertical,Falla a Flexión
20250729_151240.jpg,F8,12.55,0.65,0.76,0.76,Vertical,Fisura No Estructural
20250729_151240.jpg,F9,15.03,0.06,0.76,0.43,Diagonal,Falla a Cortante
20250729_151240.jpg,F10,12.16,0.71,0.6,0.76,Diagonal,Falla a Cortante
20250729_151240.jpg,F11,13.82,0.4,0.28,0.69,Vertical,Fisura No Estructural
20250729_151240.jpg,F12,6.61,0.67,0.54,0.56,Vertical,Fisura No Estructural
20250729_151240.jpg,F13,9.72,0.06,0.17,0.06,Diagonal,Falla a Cortante
20250729_151240.jpg,F14,13.75,0.51,0.59,0.79,Vertical,Fisura No Estructural
20250729_151240.jpg,F15,10.03,0.68,0.71,0.41,Diagonal,Falla a Cortante
20250729_151240.jpg,F16,9.43,0.65,0.65,1.13,Vertical,Falla a Flexión
20250729_151240.jpg,F17,15.8,0.3,0.68,0.41,Diagonal,Falla a Cortante
20250729_151240.jpg,F18,10.54,0.28,0.65,0.4,Vertical,Falla a Flexión
20250729_151240.jpg,F19,5.61,0.28,0.54,0.68,Diagonal,Falla a Cortante
20250729_151240.jpg,F20,27.14,0.73,0.06,0.06,Vertical,Fisura No Estructural
20250729_151240.jpg,F21,11.07,0.54,0.27,0.65,Diagonal,Falla a Cortante
20250729_151240.jpg,F22,18.03,0.48,0.4,0.08,Diagonal,Falla a Cortante
20250729_151240.jpg,F23,5.89,0.23,0.63,0.06,Diagonal,Falla a Cortante
20250729_151240.jpg,F24,14.0,0.16,0.22,0.71,Diagonal,Falla a Cortante
20250729_151245.jpg,F1,10.18,0.05,0.26,0.06,Diagonal,Falla a Cortante
20250729_151245.jpg,F2,14.73,0.07,0.13,0.15,Diagonal,Falla a Cortante
20250729_151245.jpg,F3,15.42,0.05,0.06,0.48,Vertical,Falla a Flexión
20250729_151245.jpg,F4,16.1,0.26,0.83,0.38,Diagonal,Falla a Cortante
20250729_151245.jpg,F5,16.62,0.05,0.58,0.38,Diagonal,Falla a Cortante
20250729_151245.jpg,F6,16.56,0.26,0.7,0.32,Diagonal,Falla a Cortante
20250729_151245.jpg,F7,9.15,0.07,0.05,4.79,Diagonal,Falla a Cortante
20250729_151245.jpg,F8,17.48,0.27,0.64,0.32,Diagonal,Falla a Cortante
20250729_151245.jpg,F9,8.12,0.05,0.79,0.62,Vertical,Falla a Flexión
20250729_151245.jpg,F10,20.89,0.05,0.06,0.19,Diagonal,Falla a Cortante
20250729_151245.jpg,F11,5.42,0.35,1.07,0.64,Vertical,Fisura No Estructural
20250729_151245.jpg,F12,6.09,0.12,0.49,0.8,Diagonal,Falla a Cortante
20250729_151245.jpg,F13,22.11,1.29,1.22,1.4,Diagonal,Falla a Cortante
20250729_151245.jpg,F14,15.74,1.61,0.46,1.24,Diagonal,Falla a Cortante
20250729_151245.jpg,F15,9.17,0.43,0.05,2.26,Diagonal,Falla a Cortante
20250729_151245.jpg,F16,4.67,0.56,0.4,0.51,Vertical,Falla a Flexión
20250729_151750.jpg,F1,55.01,1.8,1.6,1.0,Vertical,Falla a Flexión
20250729_151750.jpg,F2,39.0,0.8,2.3,2.7,Diagonal,Falla a Cortante
20250729_151750.jpg,F3,36.79,1.4,2.3,2.3,Vertical,Falla a Flexión
20250729_151750.jpg,F4,48.31,0.6,1.8,4.7,Diagonal,Falla a Cortante
20250729_151750.jpg,F5,45.9,6.5,0.2,1.5,Vertical,Falla a Flexión
20250729_151750.jpg,F6,68.55,0.4,1.0,1.0,Diagonal,Falla a Cortante
20250729_151750.jpg,F7,64.9,0.7,1.5,1.4,Diagonal,Falla a Cortante
20250729_151750.jpg,F8,86.23,0.2,1.9,1.7,Diagonal,Falla a Cortante
20250729_151750.jpg,F9,50.15,0.6,0.4,2.2,Vertical,Falla a Flexión
20250729_151750.jpg,F10,48.47,0.2,1.9,1.0,Diagonal,Falla a Cortante
20250729_151750.jpg,F11,49.84,0.3,1.4,0.2,Horizontal,Falla a Compresión
20250729_151750.jpg,F12,32.97,1.1,0.2,0.2,Vertical,Falla a Flexión
20250729_151750.jpg,F13,47.78,2.7,1.2,0.9,Diagonal,Falla a Cortante
20250729_151750.jpg,F14,22.03,0.2,3.6,3.1,Vertical,Fisura No Estructural
20250729_151750.jpg,F15,35.12,0.7,1.8,0.7,Diagonal,Falla a Cortante
20250729_151750.jpg,F16,42.99,1.0,5.7,4.5,Vertical,Fisura No Estructural
20250729_151750.jpg,F17,44.34,3.5,6.1,5.7,Diagonal,Falla a Cortante
20250729_151750.jpg,F18,67.47,1.1,0.2,1.1,Diagonal,Falla a Cortante
20250729_151750.jpg,F19,54.39,1.4,0.2,1.5,Vertical,Falla a Flexión
20250729_151750.jpg,F20,19.0,2.2,2.0,2.0,Vertical,Falla a Flexión
20250729_151754.jpg,F1,2943.03,0.07,210.0,84.85,Diagonal,Falla a Cortante
20250729_151754.jpg,F2,12.35,0.98,1.32,0.7,Diagonal,Falla a Cortante
20250729_151754.jpg,F3,2187.84,160.0,20.0,169.71,Horizontal,Falla a Compresión
20250729_151754.jpg,F4,17.89,0.09,0.4,0.28,Diagonal,Falla a Cortante
20250729_151754.jpg,F5,10.38,0.24,2.65,0.38,Diagonal,Falla a Cortante
20250729_151754.jpg,F6,2049.35,14.14,70.0,70.0,Diagonal,Falla a Cortante
20250729_151754.jpg,F7,7.56,0.72,0.59,0.41,Diagonal,Falla a Cortante
20250729_151754.jpg,F8,21.49,0.08,0.61,0.62,Diagonal,Falla a Cortante
20250729_151754.jpg,F9,21.6,0.09,0.24,0.07,Diagonal,Falla a Cortante
20250729_151754.jpg,F10,4.42,0.08,0.49,0.37,Diagonal,Falla a Cortante
20250729_151754.jpg,F11,14.6,1.25,2.61,0.56,Diagonal,Falla a Cortante
20250729_151754.jpg,F12,69.07,0.07,2.49,0.16,Vertical,Falla a Flexión
20250729_151754.jpg,F13,8.81,0.08,0.53,0.93,Diagonal,Falla a Cortante
20250729_151754.jpg,F14,27.31,0.09,0.09,0.09,Horizontal,Falla a Compresión
20250729_151754.jpg,F15,23.62,0.23,0.09,0.09,Diagonal,Falla a Cortante
20250729_151754.jpg,F16,26.64,0.2,0.27,0.07,Diagonal,Falla a Cortante
20250729_151754.jpg,F17,7.29,0.8,0.16,0.16,Diagonal,Falla a Cortante
20250729_151754.jpg,F18,2620.0,0.59,212.13,155.56,Vertical,Falla a Flexión
20250729_151754.jpg,F19,16.92,1.2,0.46,0.49,Diagonal,Falla a Cortante
20250729_151754.jpg,F20,13.18,0.07,0.46,0.45,Diagonal,Falla a Cortante
20250729_151754.jpg,F21,72.48,0.2,0.76,0.9,Vertical,Falla a Flexión
20250729_152341.jpg,F1,15.49,0.79,0.58,0.06,Vertical,Fisura No Estructural
20250729_152341.jpg,F2,344.2,9.43,86.0,0.25,Vertical,Falla a Flexión
20250729_152341.jpg,F3,14.14,0.46,0.05,0.06,Diagonal,Falla a Cortante
20250729_152341.jpg,F4,11.67,0.06,0.18,0.05,Diagonal,Falla a Cortante
20250729_152341.jpg,F5,222.41,13.33,21.33,21.7,Vertical,Fisura No Estructural
20250729_152341.jpg,F6,170.53,21.96,1.63,44.14,Diagonal,Falla a Cortante
20250729_152341.jpg,F7,15.05,0.18,0.48,0.05,Vertical,Fisura No Estructural
20250729_152341.jpg,F8,271.86,6.6,9.91,5.66,Vertical,Fisura No Estructural
20250729_152341.jpg,F9,11.31,0.36,0.56,0.72,Diagonal,Falla a Cortante
20250729_152341.jpg,F10,8.08,0.05,1.66,0.2,Diagonal,Falla a Cortante
20250729_152341.jpg,F11,195.92,0.56,0.46,11.71,Vertical,Falla a Flexión
20250729_152341.jpg,F12,217.33,0.05,0.46,9.27,Vertical,Falla a Flexión
20250729_152341.jpg,F13,12.75,0.2,0.05,0.05,Vertical,Fisura No Estructural
20250729_152341.jpg,F14,332.67,0.05,0.38,0.98,Horizontal,Falla a Compresión
20250729_152341.jpg,F15,413.84,0.15,0.98,0.58,Diagonal,Falla a Cortante
20250729_152341.jpg,F16,164.05,11.03,0.79,33.1,Diagonal,Falla a Cortante
20250729_152341.jpg,F17,12.95,0.06,0.18,0.06,Diagonal,Falla a Cortante
20250729_152341.jpg,F18,268.37,0.48,0.41,0.05,Diagonal,Falla a Cortante
20250729_152341.jpg,F19,192.15,3.42,9.76,0.53,Vertical,Falla a Flexión
20250729_152341.jpg,F20,162.87,0.3,0.51,10.74,Vertical,Falla a Flexión
20250729_152341.jpg,F21,250.12,28.97,0.98,0.98,Vertical,Falla a Flexión
20250729_152341.jpg,F22,240.96,0.05,7.81,0.98,Diagonal,Falla a Cortante
20250729_152341.jpg,F23,262.55,6.13,7.55,0.25,Vertical,Fisura No Estructural
20250729_152341.jpg,F24,131.51,0.28,0.18,3.9,Diagonal,Falla a Cortante
20250729_152341.jpg,F25,109.75,1.38,0.05,1.38,Diagonal,Falla a Cortante
20250729_152345.jpg,F1,273.33,0.71,0.71,0.05,Diagonal,Falla a Cortante
20250729_152345.jpg,F2,10.17,0.63,0.61,0.5,Vertical,Fisura No Estructural
20250729_152345.jpg,F3,9.84,0.4,0.15,0.47,Vertical,Falla a Flexión
20250729_152345.jpg,F4,19.66,0.21,0.61,0.58,Vertical,Fisura No Estructural
20250729_152345.jpg,F5,7.67,0.45,0.3,0.37,Vertical,Fisura No Estructural
20250729_152345.jpg,F6,13.59,0.21,0.37,0.26,Diagonal,Falla a Cortante
20250729_152345.jpg,F7,17.15,0.64,0.92,0.61,Vertical,Falla a Flexión
20250729_152345.jpg,F8,11.8,0.05,0.05,0.37,Vertical,Falla a Flexión
20250729_152345.jpg,F9,25.37,0.61,0.05,0.26,Vertical,Fisura No Estructural
20250729_152345.jpg,F10,31.07,0.05,0.14,0.14,Vertical,Fisura No Estructural
20250729_152345.jpg,F11,12.98,1.9,0.05,0.63,Vertical,Falla a Flexión
20250729_152345.jpg,F12,17.36,1.11,0.92,0.61,Vertical,Falla a Flexión
20250729_152345.jpg,F13,24.88,0.82,0.05,0.06,Vertical,Falla a Flexión
20250729_152345.jpg,F14,22.7,0.12,0.35,0.35,Diagonal,Falla a Cortante
20250729_152345.jpg,F15,15.95,0.92,0.05,0.05,Diagonal,Falla a Cortante
20250729_152345.jpg,F16,19.15,0.05,0.78,0.18,Diagonal,Falla a Cortante
20250729_152345.jpg,F17,7.77,0.55,0.33,0.45,Vertical,Fisura No Estructural
20250729_152345.jpg,F18,16.98,0.56,0.66,0.83,Vertical,Fisura No Estructural
20250729_152345.jpg,F19,26.31,0.05,0.29,0.26,Vertical,Fisura No Estructural
20250729_152345.jpg,F20,14.85,0.4,0.24,0.5,Vertical,Fisura No Estructural
20250729_152345.jpg,F21,15.05,0.05,0.5,0.26,Vertical,Fisura No Estructural
20250729_152345.jpg,F22,19.84,0.82,0.5,0.5,Vertical,Falla a Flexión
20250729_152345.jpg,F23,15.7,0.06,0.05,0.05,Diagonal,Falla a Cortante
20250729_152345.jpg,F24,9.27,0.18,0.26,0.06,Diagonal,Falla a Cortante
20250729_152345.jpg,F25,16.34,0.05,0.82,0.05,Diagonal,Falla a Cortante
20250729_152345.jpg,F26,6.37,0.05,0.05,0.05,Vertical,Fisura No Estructural
20250729_152345.jpg,F27,23.68,0.62,0.44,0.53,Vertical,Falla a Flexión
20250729_152345.jpg,F28,12.51,0.23,0.05,0.06,Diagonal,Falla a Cortante
20250729_152345.jpg,F29,14.42,2.58,0.06,0.06,Diagonal,Falla a Cortante
20250729_152345.jpg,F30,23.07,0.71,0.06,1.94,Vertical,Falla a Flexión
20250729_152345.jpg,F31,114.63,0.71,3.5,0.05,Diagonal,Falla a Cortante
20250729_152345.jpg,F32,14.93,0.18,1.9,0.23,Diagonal,Falla a Cortante
20250729_152345.jpg,F33,19.35,0.53,0.4,0.3,Vertical,Fisura No Estructural
20250729_152345.jpg,F34,17.82,0.74,0.82,0.45,Vertical,Falla a Flexión
20250729_152345.jpg,F35,8.55,0.26,0.42,0.3,Diagonal,Falla a Cortante
20250729_152345.jpg,F36,13.99,0.37,0.37,0.37,Vertical,Fisura No Estructural
20250729_152345.jpg,F37,17.18,0.06,0.16,0.06,Diagonal,Falla a Cortante
20250729_152345.jpg,F38,12.83,0.18,0.18,0.18,Diagonal,Falla a Cortante
20250729_152345.jpg,F39,130.78,7.0,8.5,13.5,Horizontal,Fisura No Estructural
20250729_152345.jpg,F40,61.9,0.29,0.4,1.35,Vertical,Fisura No Estructural
20250729_152345.jpg,F41,6.37,0.28,0.29,0.17,Diagonal,Falla a Cortante
20250729_152345.jpg,F42,15.52,0.61,0.9,0.05,Vertical,Falla a Flexión
20250729_152345.jpg,F43,17.77,0.4,0.05,0.48,Vertical,Fisura No Estructural
20250729_152345.jpg,F44,10.47,0.4,0.61,0.55,Vertical,Fisura No Estructural
20250729_152345.jpg,F45,16.62,0.26,0.61,0.5,Vertical,Fisura No Estructural
20250729_152345.jpg,F46,17.89,0.44,0.48,0.48,Diagonal,Falla a Cortante
20250729_153353.jpg,F1,18.44,0.33,0.53,0.23,Diagonal,Falla a Cortante
20250729_153353.jpg,F2,13.96,0.23,0.53,0.07,Vertical,Falla a Flexión
20250729_153353.jpg,F3,6.8,0.33,0.51,0.51,Diagonal,Falla a Cortante
20250729_153353.jpg,F4,11.7,0.28,0.36,0.68,Horizontal,Falla a Compresión
20250729_153353.jpg,F5,10.3,0.05,0.05,0.33,Diagonal,Falla a Cortante
20250729_153353.jpg,F6,10.39,0.16,0.39,0.27,Diagonal,Falla a Cortante
20250729_153353.jpg,F7,110.9,0.54,8.72,0.05,Vertical,Fisura No Estructural
20250729_153353.jpg,F8,11.32,0.53,1.1,0.63,Diagonal,Falla a Cortante
20250729_153353.jpg,F9,22.53,0.33,0.23,0.42,Vertical,Falla a Flexión
20250729_153353.jpg,F10,10.72,0.51,0.63,0.42,Vertical,Falla a Flexión
20250729_153353.jpg,F11,10.02,0.05,0.24,0.06,Diagonal,Falla a Cortante
20250729_153353.jpg,F12,13.61,0.18,0.81,0.3,Diagonal,Falla a Cortante
20250729_153353.jpg,F13,9.12,0.57,0.12,0.23,Diagonal,Falla a Cortante
20250729_153353.jpg,F14,12.6,0.59,0.38,0.06,Vertical,Falla a Flexión
20250729_153359.jpg,F1,11.53,0.25,0.7,0.28,Diagonal,Falla a Cortante
20250729_153359.jpg,F2,9.65,0.6,0.36,0.36,Vertical,Fisura No Estructural
20250729_153359.jpg,F3,18.19,0.36,0.49,0.91,Vertical,Falla a Flexión
20250729_153359.jpg,F4,10.91,0.47,0.47,0.6,Vertical,Falla a Flexión
20250729_153359.jpg,F5,11.59,0.49,0.36,0.57,Vertical,Falla a Flexión
20250729_153359.jpg,F6,10.47,0.19,0.05,0.11,Vertical,Fisura No Estructural
20250729_153359.jpg,F7,10.87,0.05,0.71,0.6,Vertical,Falla a Flexión
20250729_153359.jpg,F8,4.04,0.49,0.52,0.6,Vertical,Falla a Flexión
20250729_153359.jpg,F9,10.9,0.47,0.47,5.12,Vertical,Falla a Flexión
20250729_153359.jpg,F10,7.52,0.57,0.67,0.52,Vertical,Falla a Flexión
20250729_153359.jpg,F11,14.48,0.93,2.52,1.93,Diagonal,Falla a Cortante
20250729_153359.jpg,F12,18.36,0.91,0.49,0.8,Vertical,Falla a Flexión
20250729_153359.jpg,F13,1910.52,0.7,14.14,0.18,Diagonal,Falla a Cortante
20250729_153359.jpg,F14,14.08,0.39,0.47,0.06,Vertical,Falla a Flexión
20250729_153359.jpg,F15,9.91,0.72,0.8,0.69,Diagonal,Falla a Cortante
20250729_153359.jpg,F16,9.11,0.57,0.47,0.57,Vertical,Falla a Flexión
20250729_154647.jpg,F1,18.45,0.23,1.22,0.55,Diagonal,Falla a Cortante
20250729_154647.jpg,F2,14.37,0.55,1.22,0.78,Diagonal,Falla a Cortante
20250729_154647.jpg,F3,15.55,0.71,0.55,0.39,Vertical,Falla a Flexión
20250729_154647.jpg,F4,16.25,0.12,0.24,0.37,Vertical,Fisura No Estructural
20250729_154647.jpg,F5,13.96,0.47,0.07,0.47,Vertical,Falla a Flexión
20250729_154647.jpg,F6,17.25,0.08,0.08,0.49,Vertical,Falla a Flexión
20250729_154647.jpg,F7,12.38,0.86,0.63,0.52,Vertical,Fisura No Estructural
20250729_154647.jpg,F8,2110.35,84.85,0.71,113.14,Diagonal,Falla a Cortante
20250729_154647.jpg,F9,47.64,4.81,0.24,2.17,Vertical,Fisura No Estructural
20250729_154647.jpg,F10,21.08,0.57,0.08,0.08,Vertical,Falla a Flexión
20250729_154647.jpg,F11,57.42,0.75,1.84,1.84,Horizontal,Fisura No Estructural
20250729_154647.jpg,F12,75.91,0.71,1.06,0.9,Diagonal,Falla a Cortante
20250729_154647.jpg,F13,73.49,3.16,0.08,0.38,Diagonal,Falla a Cortante
20250729_154647.jpg,F14,1898.42,91.92,233.35,113.14,Diagonal,Falla a Cortante
20250729_154647.jpg,F15,1032.52,0.71,180.0,99.0,Diagonal,Falla a Cortante
20250729_154656.jpg,F1,12.73,0.25,0.05,0.72,Vertical,Falla a Flexión
20250729_154656.jpg,F2,16.69,0.23,0.46,0.05,Vertical,Fisura No Estructural
20250729_154656.jpg,F3,11.76,0.89,0.33,0.36,Diagonal,Falla a Cortante
20250729_154656.jpg,F4,12.46,0.45,0.05,0.25,Vertical,Falla a Flexión
20250729_154656.jpg,F5,23.39,0.05,0.05,0.28,Diagonal,Falla a Cortante
20250729_154656.jpg,F6,10.11,0.56,0.41,0.28,Vertical,Falla a Flexión
20250729_154656.jpg,F7,15.45,0.08,0.48,0.73,Diagonal,Falla a Cortante
20250729_154656.jpg,F8,17.78,0.05,0.88,0.07,Diagonal,Falla a Cortante
20250729_154656.jpg,F9,66.76,3.26,10.23,3.61,Diagonal,Falla a Cortante
20250729_154656.jpg,F10,17.71,0.33,0.05,0.05,Vertical,Falla a Flexión
20250729_154656.jpg,F11,18.88,0.81,6.55,0.95,Diagonal,Falla a Cortante
20250729_154656.jpg,F12,15.8,1.52,0.63,1.78,Horizontal,Falla a Compresión
20250729_154656.jpg,F13,13.13,0.07,0.07,0.07,Diagonal,Falla a Cortante
20250729_154656.jpg,F14,96.7,0.28,0.38,8.75,Vertical,Falla a Flexión
20250729_154656.jpg,F15,10.17,1.28,0.07,0.05,Diagonal,Falla a Cortante
20250729_154656.jpg,F16,17.48,0.06,0.05,0.05,Vertical,Falla a Flexión
20250729_154656.jpg,F17,11.22,0.38,2.51,0.33,Diagonal,Falla a Cortante
20250729_154656.jpg,F18,125.44,3.28,9.77,0.05,Diagonal,Falla a Cortante
20250729_154656.jpg,F19,6.64,0.48,0.25,0.39,Diagonal,Falla a Cortante
20250729_154656.jpg,F20,11.85,0.48,0.05,0.05,Vertical,Falla a Flexión
20250729_154656.jpg,F21,16.0,0.25,0.18,0.36,Vertical,Falla a Flexión
20250729_154656.jpg,F22,55.95,5.25,0.05,5.12,Diagonal,Falla a Cortante
20250729_154656.jpg,F23,50.81,3.26,0.47,8.85,Diagonal,Falla a Cortante
20250729_154656.jpg,F24,14.03,0.11,0.46,0.87,Diagonal,Falla a Cortante
20250729_154656.jpg,F25,13.36,0.23,0.07,0.05,Vertical,Fisura No Estructural
20250729_154656.jpg,F26,25.98,0.07,1.17,0.23,Vertical,Falla a Flexión
20250729_154656.jpg,F27,5.67,0.89,0.72,1.08,Diagonal,Falla a Cortante
20250729_154656.jpg,F28,15.84,0.08,0.25,0.39,Diagonal,Falla a Cortante
20250729_154656.jpg,F29,13.36,0.26,0.79,0.07,Horizontal,Falla a Compresión
20250729_154656.jpg,F30,16.52,0.33,0.18,0.36,Vertical,Falla a Flexión
20250729_154656.jpg,F31,147.04,4.17,6.67,0.59,Horizontal,Fisura No Estructural
20250729_154656.jpg,F32,46.77,2.36,11.58,6.33,Horizontal,Fisura No Estructural
20250729_155810.jpg,F1,13.74,0.38,0.44,0.28,Vertical,Falla a Flexión
20250729_155810.jpg,F2,15.81,0.18,0.36,0.31,Diagonal,Falla a Cortante
20250729_155810.jpg,F3,9.86,0.46,1.29,0.56,Vertical,Fisura No Estructural
20250729_155810.jpg,F4,9.38,0.52,0.67,0.36,Vertical,Falla a Flexión
20250729_155810.jpg,F5,10.66,0.06,0.39,0.3,Diagonal,Falla a Cortante
20250729_155810.jpg,F6,14.84,0.36,0.28,0.08,Diagonal,Falla a Cortante
20250729_155810.jpg,F7,16.39,0.06,0.29,0.29,Diagonal,Falla a Cortante
20250729_155810.jpg,F8,12.11,0.06,0.36,0.31,Diagonal,Falla a Cortante
20250729_155810.jpg,F9,16.22,0.06,0.06,0.06,Diagonal,Falla a Cortante
20250729_155810.jpg,F10,11.57,0.53,0.06,0.59,Vertical,Falla a Flexión
20250729_155810.jpg,F11,15.25,0.06,0.06,0.34,Diagonal,Falla a Cortante
20250729_155810.jpg,F12,11.28,0.06,0.36,0.22,Diagonal,Falla a Cortante
20250729_155810.jpg,F13,16.35,0.06,0.05,0.05,Vertical,Falla a Flexión
20250729_155810.jpg,F14,406.47,0.46,2.17,18.01,Diagonal,Falla a Cortante
20250729_155810.jpg,F15,16.43,0.66,0.94,0.56,Diagonal,Falla a Cortante
20250729_155810.jpg,F16,13.66,0.26,0.33,0.11,Diagonal,Falla a Cortante
20250729_155810.jpg,F17,20.9,0.06,0.19,0.1,Diagonal,Falla a Cortante
20250729_155810.jpg,F18,15.28,0.05,0.49,0.15,Diagonal,Falla a Cortante
20250729_155810.jpg,F19,15.45,0.06,0.69,0.26,Diagonal,Falla a Cortante
20250729_155810.jpg,F20,13.08,0.06,0.17,0.06,Diagonal,Falla a Cortante
20250729_155810.jpg,F21,14.51,0.11,0.36,0.36,Diagonal,Falla a Cortante
20250729_155810.jpg,F22,10.01,0.29,1.33,0.28,Diagonal,Falla a Cortante
20250729_155810.jpg,F23,8.07,0.12,0.06,0.15,Diagonal,Falla a Cortante
20250729_155810.jpg,F24,11.69,0.06,0.23,0.17,Diagonal,Falla a Cortante
20250729_155810.jpg,F25,10.74,0.05,0.05,0.59,Vertical,Falla a Flexión
20250729_155810.jpg,F26,19.25,0.42,0.31,1.01,Diagonal,Falla a Cortante
20250729_155810.jpg,F27,19.52,0.14,0.05,0.18,Diagonal,Falla a Cortante
20250729_155810.jpg,F28,9.51,0.28,0.79,0.28,Vertical,Falla a Flexión
20250729_155810.jpg,F29,444.37,0.28,13.5,9.65,Diagonal,Falla a Cortante
20250729_155810.jpg,F30,14.24,0.28,0.06,0.23,Diagonal,Falla a Cortante
20250729_155817.jpg,F1,16.95,0.33,0.73,0.59,Vertical,Fisura No Estructural
20250729_155817.jpg,F2,18.18,0.75,0.06,0.46,Diagonal,Falla a Cortante
20250729_155817.jpg,F3,15.53,0.07,0.45,0.45,Diagonal,Falla a Cortante
20250729_155817.jpg,F4,13.33,0.06,0.63,0.26,Diagonal,Falla a Cortante
20250729_155817.jpg,F5,13.89,0.81,0.05,0.05,Vertical,Fisura No Estructural
20250729_155817.jpg,F6,15.86,0.35,0.54,1.24,Vertical,Fisura No Estructural
20250729_155817.jpg,F7,16.47,0.05,0.64,0.31,Vertical,Fisura No Estructural
20250729_155817.jpg,F8,7.98,0.92,0.33,0.42,Vertical,Fisura No Estructural
20250729_155817.jpg,F9,9.13,0.05,0.06,0.16,Diagonal,Falla a Cortante
20250729_155817.jpg,F10,28.07,0.45,0.63,0.52,Vertical,Fisura No Estructural
20250729_155817.jpg,F11,9.09,0.45,0.06,0.06,Diagonal,Falla a Cortante
20250729_155817.jpg,F12,16.45,0.05,1.07,0.54,Vertical,Fisura No Estructural
20250729_155817.jpg,F13,16.98,0.45,0.06,0.63,Horizontal,Falla a Compresión
20250729_155817.jpg,F14,13.1,0.58,1.72,0.89,Diagonal,Falla a Cortante
20250729_155817.jpg,F15,17.13,0.33,0.42,0.47,Diagonal,Falla a Cortante
20250729_155817.jpg,F16,25.09,0.73,0.45,0.05,Vertical,Fisura No Estructural
20250729_155817.jpg,F17,10.39,0.06,0.41,0.06,Vertical,Falla a Flexión
20250729_155817.jpg,F18,15.05,0.05,0.05,0.05,Diagonal,Falla a Cortante
20250729_155817.jpg,F19,15.59,1.24,0.05,0.14,Diagonal,Falla a Cortante
20250729_155817.jpg,F20,15.61,0.06,0.26,0.06,Vertical,Fisura No Estructural
20250729_155817.jpg,F21,13.85,0.91,0.47,0.58,Diagonal,Falla a Cortante
20250729_155817.jpg,F22,12.42,0.33,0.45,0.54,Vertical,Fisura No Estructural
20250730_074118.jpg,F1,11.02,0.6,0.81,0.39,Diagonal,Falla a Cortante
20250730_074118.jpg,F2,19.34,0.73,1.1,0.07,Diagonal,Falla a Cortante
20250730_074118.jpg,F3,22.4,0.61,0.63,0.06,Diagonal,Falla a Cortante
20250730_074118.jpg,F4,25.87,0.61,1.3,0.69,Diagonal,Falla a Cortante
20250730_074118.jpg,F5,10.73,0.46,0.85,0.75,Vertical,Fisura No Estructural
20250730_074118.jpg,F6,23.41,0.32,4.15,0.76,Diagonal,Falla a Cortante
20250730_074118.jpg,F7,235.0,0.75,13.05,0.32,Vertical,Fisura No Estructural
20250730_074118.jpg,F8,21.53,0.43,0.44,0.6,Diagonal,Falla a Cortante
20250730_074118.jpg,F9,12.23,0.24,0.34,0.43,Horizontal,Fisura No Estructural
20250730_074118.jpg,F10,17.13,1.23,0.65,0.67,Diagonal,Falla a Cortante
20250730_074118.jpg,F11,11.87,0.57,0.37,0.5,Diagonal,Falla a Cortante
20250730_074118.jpg,F12,22.53,0.7,0.47,0.58,Diagonal,Falla a Cortante
20250730_074118.jpg,F13,16.58,0.35,0.55,0.57,Diagonal,Falla a Cortante
20250730_074118.jpg,F14,23.82,1.01,0.76,2.02,Diagonal,Falla a Cortante
20250730_074118.jpg,F15,30.93,0.44,0.06,0.6,Diagonal,Falla a Cortante
20250730_074125.jpg,F1,10.44,0.42,0.6,0.6,Horizontal,Falla a Compresión
20250730_074125.jpg,F2,7.95,0.32,0.15,0.24,Vertical,Fisura No Estructural
20250730_074125.jpg,F3,8.6,0.44,0.8,0.54,Vertical,Falla a Flexión
20250730_074125.jpg,F4,18.41,0.32,0.05,0.05,Diagonal,Falla a Cortante
20250730_074125.jpg,F5,18.65,0.34,0.16,0.05,Diagonal,Falla a Cortante
20250730_074125.jpg,F6,9.32,0.05,0.15,0.15,Vertical,Fisura No Estructural
20250730_074125.jpg,F7,12.87,0.05,0.05,0.08,Diagonal,Falla a Cortante
20250730_074125.jpg,F8,11.07,0.07,0.34,0.07,Diagonal,Falla a Cortante
20250730_074125.jpg,F9,15.52,0.59,0.06,0.38,Diagonal,Falla a Cortante
20250730_074125.jpg,F10,11.71,0.24,1.06,0.34,Vertical,Fisura No Estructural
20250730_074125.jpg,F11,35.95,1.63,0.87,1.17,Diagonal,Falla a Cortante
20250730_074125.jpg,F12,30.36,1.56,2.16,2.25,Diagonal,Falla a Cortante
20250730_074125.jpg,F13,143.61,0.85,4.8,11.9,Diagonal,Falla a Cortante
20250730_074125.jpg,F14,82.82,0.37,5.05,8.41,Vertical,Fisura No Estructural
20250730_074125.jpg,F15,13.27,0.37,0.05,0.77,Vertical,Fisura No Estructural
20250730_074125.jpg,F16,49.73,1.07,2.58,4.49,Diagonal,Falla a Cortante
20250730_074125.jpg,F17,8.31,0.15,0.06,0.15,Diagonal,Falla a Cortante
20250730_075454.jpg,F1,76.77,0.26,3.46,0.26,Diagonal,Falla a Cortante
20250730_075454.jpg,F2,42.54,1.03,2.44,0.26,Diagonal,Falla a Cortante
20250730_075454.jpg,F3,63.57,1.07,0.26,1.54,Vertical,Falla a Flexión
20250730_075454.jpg,F4,66.56,0.25,2.39,2.67,Vertical,Falla a Flexión
20250730_075454.jpg,F5,49.83,0.64,1.29,1.41,Diagonal,Falla a Cortante
20250730_075454.jpg,F6,58.39,2.05,1.03,1.41,Horizontal,Falla a Compresión
20250730_075454.jpg,F7,50.56,0.25,1.41,0.9,Diagonal,Falla a Cortante
20250730_075454.jpg,F8,50.19,1.01,0.75,1.38,Diagonal,Falla a Cortante
20250730_075454.jpg,F9,46.4,0.25,0.75,0.64,Horizontal,Fisura No Estructural
20250730_075454.jpg,F10,276.42,0.26,0.77,0.77,Vertical,Fisura No Estructural
20250730_075454.jpg,F11,65.42,0.9,0.77,0.26,Vertical,Fisura No Estructural
20250730_075454.jpg,F12,126.04,4.5,2.96,1.03,Vertical,Falla a Flexión
20250730_075454.jpg,F13,136.62,1.16,2.83,7.46,Diagonal,Falla a Cortante
20250730_075454.jpg,F14,297.21,2.49,1.8,7.46,Diagonal,Falla a Cortante
20250730_075454.jpg,F15,48.55,0.38,1.41,0.9,Horizontal,Falla a Compresión
20250730_075454.jpg,F16,46.98,0.25,1.41,0.25,Vertical,Fisura No Estructural
20250730_075454.jpg,F17,45.22,8.39,0.27,2.01,Diagonal,Falla a Cortante
20250730_075454.jpg,F18,278.52,1.74,16.52,16.52,Horizontal,Falla a Compresión
20250730_075454.jpg,F19,204.74,8.7,14.78,16.52,Horizontal,Falla a Compresión
20250730_075454.jpg,F20,66.06,0.26,0.77,0.26,Vertical,Fisura No Estructural
20250730_075454.jpg,F21,88.03,0.61,0.77,0.61,Diagonal,Falla a Cortante
20250730_075454.jpg,F22,30.3,0.26,0.77,0.77,Vertical,Falla a Flexión
20250730_075454.jpg,F23,54.98,1.27,0.76,1.51,Diagonal,Falla a Cortante
20250730_075454.jpg,F24,203.29,13.04,1.74,1.74,Horizontal,Falla a Compresión
20250730_075454.jpg,F25,31.28,0.26,0.26,0.26,Vertical,Falla a Flexión
20250730_075454.jpg,F26,316.6,1.24,7.97,16.52,Horizontal,Falla a Compresión
20250730_075454.jpg,F27,46.93,1.08,0.39,0.26,Diagonal,Falla a Cortante
20250730_075454.jpg,F28,194.45,8.08,20.0,23.48,Horizontal,Falla a Compresión
20250730_075454.jpg,F29,55.57,1.28,1.67,2.31,Horizontal,Falla a Compresión
20250730_075502.jpg,F1,7257.4,60.0,60.0,60.0,Horizontal,Falla a Compresión
20250730_075502.jpg,F2,5916.68,29.7,207.92,133.66,Diagonal,Falla a Cortante
20250730_075502.jpg,F3,7330.68,148.52,386.14,29.7,Diagonal,Falla a Cortante
20250730_075502.jpg,F4,5980.75,29.7,110.82,36.94,Vertical,Falla a Flexión
20250730_075502.jpg,F5,6631.08,59.41,110.82,70.0,Diagonal,Falla a Cortante
20250730_075502.jpg,F6,6694.71,29.7,59.41,103.96,Diagonal,Falla a Cortante
20250730_075502.jpg,F7,6109.16,129.29,184.7,36.94,Vertical,Falla a Flexión
20250730_075502.jpg,F8,7396.12,36.94,29.7,29.7,Diagonal,Falla a Cortante
20250730_075502.jpg,F9,3318.3,55.41,29.7,163.37,Diagonal,Falla a Cortante
20250730_075502.jpg,F10,7029.44,29.7,60.0,36.94,Diagonal,Falla a Cortante
20250730_075502.jpg,F11,6504.41,110.82,110.82,110.82,Vertical,Falla a Flexión
20250730_075502.jpg,F12,8226.97,110.82,480.0,36.94,Diagonal,Falla a Cortante
20250730_075502.jpg,F13,6102.57,178.22,130.0,221.64,Diagonal,Falla a Cortante
20250730_075502.jpg,F14,7112.96,1089.72,36.94,530.0,Diagonal,Falla a Cortante
20250730_075502.jpg,F15,5045.91,29.7,110.0,207.92,Diagonal,Falla a Cortante
20250730_075502.jpg,F16,4109.81,29.7,326.73,36.94,Diagonal,Falla a Cortante
20250730_075502.jpg,F17,6655.85,332.46,29.7,44.55,Vertical,Falla a Flexión
20250730_075502.jpg,F18,4520.32,60.0,230.0,60.0,Diagonal,Falla a Cortante
20250730_075502.jpg,F19,6583.84,29.7,110.82,110.82,Diagonal,Falla a Cortante
20250730_075502.jpg,F20,3031.24,74.26,20.0,129.29,Vertical,Fisura No Estructural
20250730_075502.jpg,F21,4961.3,129.29,326.73,831.69,Vertical,Fisura No Estructural
20250730_075502.jpg,F22,6136.65,148.52,237.62,240.11,Diagonal,Falla a Cortante
20250730_075502.jpg,F23,5281.26,130.0,310.0,760.0,Horizontal,Falla a Compresión
20250730_075502.jpg,F24,4916.73,133.66,203.17,36.94,Diagonal,Falla a Cortante
20250730_081240.jpg,F1,4190.8,0.12,1.39,0.66,Vertical,Falla a Flexión
20250730_081240.jpg,F2,3191.47,134.35,190.0,0.84,Vertical,Falla a Flexión
20250730_081240.jpg,F3,3341.23,99.0,113.14,0.12,Diagonal,Falla a Cortante
20250730_081240.jpg,F4,3631.41,0.9,110.0,0.66,Diagonal,Falla a Cortante
20250730_081240.jpg,F5,4291.66,1.27,1.03,0.6,Vertical,Falla a Flexión
20250730_081240.jpg,F6,4301.0,1.93,0.9,169.71,Diagonal,Falla a Cortante
20250730_081240.jpg,F7,5251.4,1.15,0.84,0.12,Diagonal,Falla a Cortante
20250730_081240.jpg,F8,2054.1,0.12,1.21,300.0,Diagonal,Falla a Cortante
20250730_081240.jpg,F9,2220.01,90.0,0.18,113.14,Diagonal,Falla a Cortante
20250730_081240.jpg,F10,167.83,11.23,30.83,4.58,Diagonal,Falla a Cortante
20250730_081240.jpg,F11,1352.31,99.0,84.85,99.0,Diagonal,Falla a Cortante
20250730_081240.jpg,F12,5491.29,0.12,56.57,14.14,Vertical,Falla a Flexión
20250730_081240.jpg,F13,1140.13,0.42,99.0,99.0,Diagonal,Falla a Cortante
20250730_081240.jpg,F14,2213.28,56.57,14.14,90.0,Horizontal,Fisura No Estructural
20250730_081240.jpg,F15,875.48,99.0,0.6,0.66,Vertical,Fisura No Estructural
20250730_081240.jpg,F16,1410.01,84.85,0.84,14.14,Vertical,Fisura No Estructural
20250730_081240.jpg,F17,2980.75,0.6,77.78,0.72,Diagonal,Falla a Cortante
20250730_081252.jpg,F1,14.86,0.34,0.25,0.42,Vertical,Fisura No Estructural
20250730_081252.jpg,F2,13.43,0.38,0.31,0.25,Diagonal,Falla a Cortante
20250730_081252.jpg,F3,15.59,0.34,0.74,0.34,Vertical,Falla a Flexión
20250730_081252.jpg,F4,18.99,0.06,0.06,0.04,Diagonal,Falla a Cortante
20250730_081252.jpg,F5,15.99,0.06,0.63,0.06,Diagonal,Falla a Cortante
20250730_081252.jpg,F6,10.97,0.13,0.04,0.06,Diagonal,Falla a Cortante
20250730_081252.jpg,F7,519.25,13.06,3.08,3.08,Horizontal,Fisura No Estructural
20250730_081252.jpg,F8,8.38,0.52,0.29,0.27,Diagonal,Falla a Cortante
20250730_081252.jpg,F9,25.02,0.04,0.25,0.06,Vertical,Falla a Flexión
20250730_081252.jpg,F10,8.11,0.34,0.22,0.29,Diagonal,Falla a Cortante
20250730_081252.jpg,F11,962.2,14.14,20.67,0.31,Vertical,Fisura No Estructural
20250730_081252.jpg,F12,12.31,0.06,0.2,0.2,Diagonal,Falla a Cortante
20250730_081252.jpg,F13,11.35,0.27,1.51,0.52,Diagonal,Falla a Cortante
20250730_081252.jpg,F14,34.08,0.25,0.04,0.04,Diagonal,Falla a Cortante
20250730_081252.jpg,F15,17.27,0.42,0.51,0.22,Diagonal,Falla a Cortante
20250730_081252.jpg,F16,7.27,0.51,0.76,0.04,Diagonal,Falla a Cortante
20250730_081252.jpg,F17,8.51,0.56,0.45,0.34,Diagonal,Falla a Cortante
20250730_081252.jpg,F18,748.74,3.08,19.58,0.51,Vertical,Fisura No Estructural
20250730_081825.jpg,F1,12.96,0.09,0.7,0.55,Vertical,Falla a Flexión
20250730_081825.jpg,F2,18.0,0.7,0.58,0.75,Diagonal,Falla a Cortante
20250730_081825.jpg,F3,13.48,0.59,1.07,0.43,Vertical,Fisura No Estructural
20250730_081825.jpg,F4,5.8,0.81,0.37,0.41,Diagonal,Falla a Cortante
20250730_081825.jpg,F5,15.92,0.41,0.55,1.34,Vertical,Falla a Flexión
20250730_081825.jpg,F6,18.97,0.07,0.67,0.52,Vertical,Falla a Flexión
20250730_081825.jpg,F7,13.41,1.11,0.52,0.52,Vertical,Fisura No Estructural
20250730_081825.jpg,F8,7.47,1.07,0.22,1.16,Diagonal,Falla a Cortante
20250730_081825.jpg,F9,20.75,3.69,0.44,1.08,Horizontal,Fisura No Estructural
20250730_081825.jpg,F10,15.75,0.22,0.84,0.37,Vertical,Falla a Flexión
20250730_081825.jpg,F11,12.54,0.7,0.7,0.7,Vertical,Falla a Flexión
20250730_081825.jpg,F12,18.13,0.54,0.7,0.41,Diagonal,Falla a Cortante
20250730_081825.jpg,F13,17.1,0.19,0.52,0.9,Diagonal,Falla a Cortante
20250730_081825.jpg,F14,12.21,0.09,0.7,0.9,Vertical,Falla a Flexión
20250730_081825.jpg,F15,137.12,16.34,7.62,1.37,Diagonal,Falla a Cortante
20250730_081834.jpg,F1,14.94,0.57,1.1,0.46,Diagonal,Falla a Cortante
20250730_081834.jpg,F2,15.34,0.7,0.48,0.7,Vertical,Falla a Flexión
20250730_081834.jpg,F3,17.37,0.56,0.07,1.23,Vertical,Falla a Flexión
20250730_081834.jpg,F4,8.33,0.31,0.28,0.31,Vertical,Fisura No Estructural
20250730_081834.jpg,F5,17.23,0.06,1.44,0.06,Vertical,Fisura No Estructural
20250730_081834.jpg,F6,15.1,0.31,0.83,0.7,Vertical,Falla a Flexión
20250730_081834.jpg,F7,12.27,0.21,0.06,0.09,Vertical,Fisura No Estructural
20250730_081834.jpg,F8,17.0,0.07,0.07,0.07,Diagonal,Falla a Cortante
20250730_081834.jpg,F9,16.31,0.46,0.28,0.37,Diagonal,Falla a Cortante
20250730_081834.jpg,F10,12.93,0.61,0.48,0.7,Vertical,Falla a Flexión
20250730_081834.jpg,F11,9.97,0.18,0.24,0.06,Vertical,Falla a Flexión
20250730_081834.jpg,F12,9.82,0.83,0.06,0.46,Vertical,Falla a Flexión
20250730_081834.jpg,F13,17.32,0.06,0.48,0.44,Diagonal,Falla a Cortante
20250730_081834.jpg,F14,5.65,0.64,0.61,0.7,Vertical,Falla a Flexión
20250730_081834.jpg,F15,14.64,0.31,1.13,1.02,Vertical,Falla a Flexión
20250730_081834.jpg,F16,4.76,0.28,0.57,0.65,Diagonal,Falla a Cortante
20250730_081834.jpg,F17,5.93,0.4,0.72,0.55,Diagonal,Falla a Cortante
20250730_084520.jpg,F1,12.3,0.43,0.16,0.19,Diagonal,Falla a Cortante
20250730_084520.jpg,F2,13.69,0.44,0.88,0.42,Vertical,Falla a Flexión
20250730_084520.jpg,F3,13.46,0.89,2.49,0.31,Diagonal,Falla a Cortante
20250730_084520.jpg,F4,16.43,0.06,0.06,0.4,Vertical,Falla a Flexión
20250730_084520.jpg,F5,14.02,0.07,0.65,0.06,Vertical,Fisura No Estructural
20250730_084520.jpg,F6,9.47,0.07,1.05,0.06,Vertical,Fisura No Estructural
20250730_084520.jpg,F7,13.09,0.31,0.06,0.31,Vertical,Falla a Flexión
20250730_084520.jpg,F8,11.21,0.28,1.58,0.56,Vertical,Falla a Flexión
20250730_084520.jpg,F9,19.42,0.06,0.35,0.06,Diagonal,Falla a Cortante
20250730_084520.jpg,F10,9.98,0.54,0.54,0.37,Vertical,Falla a Flexión
20250730_084520.jpg,F11,14.58,0.54,0.2,0.07,Diagonal,Falla a Cortante
20250730_084520.jpg,F12,21.28,0.54,0.06,0.25,Diagonal,Falla a Cortante
20250730_084520.jpg,F13,10.83,0.06,0.5,0.43,Diagonal,Falla a Cortante
20250730_084520.jpg,F14,17.06,0.17,0.28,0.78,Vertical,Falla a Flexión
20250730_084520.jpg,F15,11.65,0.17,0.48,0.54,Vertical,Fisura No Estructural
20250730_084520.jpg,F16,13.82,0.17,0.51,0.51,Vertical,Falla a Flexión
20250730_084520.jpg,F17,9.24,0.88,0.06,0.06,Vertical,Falla a Flexión
20250730_084520.jpg,F18,135.14,15.0,0.93,0.06,Diagonal,Falla a Cortante
20250730_084520.jpg,F19,11.61,0.2,0.93,0.28,Vertical,Fisura No Estructural
20250730_084520.jpg,F20,13.75,3.02,0.07,0.28,Diagonal,Falla a Cortante
20250730_084520.jpg,F21,3072.29,190.92,2.51,0.65,Diagonal,Falla a Cortante
20250730_084520.jpg,F22,37.91,2.35,0.56,0.56,Diagonal,Falla a Cortante
20250730_084520.jpg,F23,7.87,0.49,0.1,0.06,Horizontal,Fisura No Estructural
20250730_084520.jpg,F24,172.29,6.54,13.63,0.65,Diagonal,Falla a Cortante
20250730_084520.jpg,F25,10.47,0.42,0.17,0.4,Vertical,Fisura No Estructural
20250730_084520.jpg,F26,13.0,2.06,0.74,2.06,Horizontal,Falla a Compresión
20250730_084520.jpg,F27,8.69,0.51,1.04,0.07,Diagonal,Falla a Cortante
20250730_084520.jpg,F28,15.75,0.06,0.45,0.06,Vertical,Fisura No Estructural
20250730_084520.jpg,F29,11.86,0.06,0.13,1.45,Vertical,Fisura No Estructural
20250730_084520.jpg,F30,15.06,1.67,0.77,1.11,Horizontal,Falla a Compresión
20250730_084520.jpg,F31,10.39,2.02,1.34,0.99,Diagonal,Falla a Cortante
20250730_084520.jpg,F32,18.95,0.13,0.06,0.06,Vertical,Falla a Flexión
20250730_084520.jpg,F33,6.84,0.42,0.56,0.31,Diagonal,Falla a Cortante
20250730_084536.jpg,F1,10.74,0.41,0.07,0.44,Diagonal,Falla a Cortante
20250730_084536.jpg,F2,13.49,0.06,0.17,0.06,Diagonal,Falla a Cortante
20250730_084536.jpg,F3,16.5,0.47,0.61,0.94,Vertical,Fisura No Estructural
20250730_084536.jpg,F4,1145.76,0.06,75.43,13.33,Vertical,Fisura No Estructural
20250730_084536.jpg,F5,16.51,0.79,0.9,0.41,Vertical,Falla a Flexión
20250730_084536.jpg,F6,9.88,0.79,0.64,0.21,Diagonal,Falla a Cortante
20250730_084536.jpg,F7,9.54,1.06,0.59,0.29,Diagonal,Falla a Cortante
20250730_084536.jpg,F8,16.49,3.12,0.07,0.35,Vertical,Fisura No Estructural
20250730_084536.jpg,F9,22.26,0.45,0.59,0.63,Diagonal,Falla a Cortante
20250730_084536.jpg,F10,9.24,0.07,0.43,0.07,Diagonal,Falla a Cortante
20250730_084536.jpg,F11,25.68,0.71,0.84,0.06,Diagonal,Falla a Cortante
20250730_084536.jpg,F12,1164.82,0.32,37.71,9.43,Diagonal,Falla a Cortante
20250730_084536.jpg,F13,13.73,0.67,0.15,0.29,Diagonal,Falla a Cortante
20250730_084536.jpg,F14,16.34,0.06,0.45,0.45,Diagonal,Falla a Cortante
20250730_084536.jpg,F15,10.97,0.52,2.33,0.41,Vertical,Falla a Flexión
20250730_084536.jpg,F16,11.36,0.92,0.46,0.08,Vertical,Fisura No Estructural
20250730_084536.jpg,F17,1536.19,0.2,0.41,70.71,Diagonal,Falla a Cortante
20250730_084536.jpg,F18,12.55,0.07,0.17,0.07,Vertical,Fisura No Estructural
20250730_084536.jpg,F19,14.6,0.51,0.29,0.69,Diagonal,Falla a Cortante
20250730_084536.jpg,F20,20.28,0.79,0.06,0.29,Vertical,Falla a Flexión
20250730_084536.jpg,F21,20.34,0.07,0.46,0.07,Diagonal,Falla a Cortante
20250730_084536.jpg,F22,16.64,0.07,0.08,0.07,Diagonal,Falla a Cortante
20250730_084536.jpg,F23,13.14,0.2,0.17,0.23,Vertical,Fisura No Estructural
20250730_084536.jpg,F24,6.43,0.58,0.41,0.58,Diagonal,Falla a Cortante
20250730_084536.jpg,F25,7.77,0.08,0.39,0.08,Vertical,Fisura No Estructural
20250730_084536.jpg,F26,18.0,0.5,2.27,0.36,Horizontal,Falla a Compresión
20250730_084536.jpg,F27,13.41,0.19,0.32,0.26,Diagonal,Falla a Cortante
20250730_084536.jpg,F28,11.16,0.06,0.96,1.42,Diagonal,Falla a Cortante
20250730_084536.jpg,F29,6.84,0.88,1.05,0.08,Diagonal,Falla a Cortante
20250730_084536.jpg,F30,11.03,3.46,0.49,1.09,Diagonal,Falla a Cortante
20250730_085823.jpg,F1,9.08,0.16,0.72,0.27,Vertical,Falla a Flexión
20250730_085823.jpg,F2,9.08,0.06,0.06,0.06,Diagonal,Falla a Cortante
20250730_085823.jpg,F3,8.93,0.06,0.52,0.06,Diagonal,Falla a Cortante
20250730_085823.jpg,F4,6.58,0.06,0.06,0.05,Diagonal,Falla a Cortante
20250730_085823.jpg,F5,16.52,0.52,0.53,0.53,Diagonal,Falla a Cortante
20250730_085823.jpg,F6,6.48,0.05,0.05,0.06,Diagonal,Falla a Cortante
20250730_085823.jpg,F7,17.33,0.31,0.74,0.59,Diagonal,Falla a Cortante
20250730_085823.jpg,F8,12.46,0.06,0.1,0.12,Diagonal,Falla a Cortante
20250730_085823.jpg,F9,12.62,0.29,0.05,0.05,Vertical,Fisura No Estructural
20250730_085823.jpg,F10,1550.3,127.28,155.56,42.43,Vertical,Fisura No Estructural
20250730_085823.jpg,F11,20.32,0.52,0.37,0.5,Diagonal,Falla a Cortante
20250730_085823.jpg,F12,13.87,0.06,0.06,0.06,Diagonal,Falla a Cortante
20250730_085823.jpg,F13,5.8,0.52,0.21,0.05,Vertical,Falla a Flexión
20250730_085823.jpg,F14,22.55,0.49,0.59,0.35,Diagonal,Falla a Cortante
20250730_085823.jpg,F15,14.43,0.06,0.12,0.06,Diagonal,Falla a Cortante
20250730_085823.jpg,F16,31.03,1.76,1.32,0.87,Diagonal,Falla a Cortante
20250730_085823.jpg,F17,16.82,0.6,0.05,0.05,Vertical,Falla a Flexión
20250730_085823.jpg,F18,13.46,0.56,0.41,0.47,Diagonal,Falla a Cortante
20250730_085823.jpg,F19,15.65,0.21,0.57,0.29,Diagonal,Falla a Cortante
20250730_085823.jpg,F20,9.31,0.75,0.52,0.38,Diagonal,Falla a Cortante
20250730_085823.jpg,F21,5.87,0.16,0.62,0.27,Diagonal,Falla a Cortante
20250730_085823.jpg,F22,19.66,0.05,0.05,0.06,Vertical,Falla a Flexión
20250730_085823.jpg,F23,8.91,0.12,0.52,0.06,Diagonal,Falla a Cortante
20250730_085823.jpg,F24,10.04,0.12,0.24,0.19,Diagonal,Falla a Cortante
20250730_085845.jpg,F1,71.41,0.32,1.11,0.63,Diagonal,Falla a Cortante
20250730_085845.jpg,F2,11.44,0.34,0.36,0.29,Vertical,Falla a Flexión
20250730_085845.jpg,F3,16.57,0.24,0.5,0.05,Vertical,Falla a Flexión
20250730_085845.jpg,F4,9.49,0.6,0.34,0.45,Vertical,Falla a Flexión
20250730_085845.jpg,F5,48.62,2.34,0.34,0.34,Diagonal,Falla a Cortante
20250730_085845.jpg,F6,11.33,0.53,0.34,0.43,Diagonal,Falla a Cortante
20250730_085845.jpg,F7,11.69,0.3,0.58,0.19,Diagonal,Falla a Cortante
20250730_085845.jpg,F8,18.84,0.07,0.07,0.07,Horizontal,Fisura No Estructural
20250730_085845.jpg,F9,13.83,0.43,0.34,0.24,Vertical,Falla a Flexión
20250730_085845.jpg,F10,6.75,0.43,0.65,0.43,Vertical,Fisura No Estructural
20250730_085845.jpg,F11,10.35,0.68,0.49,0.25,Diagonal,Falla a Cortante
20250730_085845.jpg,F12,8.62,0.27,0.24,0.46,Vertical,Falla a Flexión
20250730_085845.jpg,F13,13.45,0.43,0.05,0.6,Vertical,Falla a Flexión
20250730_085845.jpg,F14,63.9,1.23,0.98,3.45,Diagonal,Falla a Cortante
20250730_085845.jpg,F15,10.35,0.3,0.34,0.34,Vertical,Falla a Flexión
20250730_085845.jpg,F16,6.26,0.18,0.55,0.06,Diagonal,Falla a Cortante
20250730_085845.jpg,F17,8.14,0.26,0.26,0.26,Vertical,Fisura No Estructural
20250730_085845.jpg,F18,5.13,0.35,0.05,0.23,Diagonal,Falla a Cortante
20250730_085845.jpg,F19,1225.28,0.43,0.43,0.43,Vertical,Fisura No Estructural
20250730_085845.jpg,F20,16.91,0.22,1.29,0.85,Diagonal,Falla a Cortante
20250819_104526.jpg,F1,8.63,0.29,0.13,0.36,Diagonal,Falla a Cortante
20250819_104526.jpg,F2,6.03,0.41,0.59,0.29,Diagonal,Falla a Cortante
20250819_104526.jpg,F3,16.81,1.27,1.07,1.02,Diagonal,Falla a Cortante
20250819_104526.jpg,F4,73.32,0.97,0.54,4.08,Diagonal,Falla a Cortante
20250819_104526.jpg,F5,16.0,1.2,1.27,0.85,Vertical,Falla a Flexión
20250819_104526.jpg,F6,13.89,1.36,0.3,0.37,Vertical,Fisura No Estructural
20250819_104526.jpg,F7,17.79,0.34,0.41,0.46,Diagonal,Falla a Cortante
20250819_104526.jpg,F8,16.75,0.78,1.27,1.56,Vertical,Fisura No Estructural
20250819_104526.jpg,F9,5.26,0.15,0.63,0.27,Diagonal,Falla a Cortante
20250819_104526.jpg,F10,61.23,0.05,4.73,2.76,Diagonal,Falla a Cortante
20250819_104526.jpg,F11,22.96,0.72,0.44,0.64,Diagonal,Falla a Cortante
20250819_104526.jpg,F12,17.38,0.96,2.59,0.51,Diagonal,Falla a Cortante
20250819_104526.jpg,F13,7.56,0.17,0.06,0.29,Diagonal,Falla a Cortante
20250819_104526.jpg,F14,5.86,1.22,0.59,0.3,Diagonal,Falla a Cortante
20250819_104526.jpg,F15,62.7,0.39,3.94,0.24,Diagonal,Falla a Cortante
20250819_104526.jpg,F16,28.65,0.05,1.48,0.05,Diagonal,Falla a Cortante
20250819_104526.jpg,F17,38.88,0.05,4.43,6.91,Diagonal,Falla a Cortante
20250819_104526.jpg,F18,22.07,0.38,0.24,0.32,Diagonal,Falla a Cortante
20250819_104526.jpg,F19,32.35,0.05,0.21,0.21,Vertical,Fisura No Estructural
20250819_104526.jpg,F20,5.18,0.07,0.23,0.17,Horizontal,Falla a Compresión
20250819_104526.jpg,F21,15.14,0.47,0.07,0.06,Horizontal,Fisura No Estructural
20250819_104526.jpg,F22,51.53,1.58,4.73,0.46,Diagonal,Falla a Cortante
20250819_104526.jpg,F23,7.07,0.06,0.07,0.07,Horizontal,Falla a Compresión
20250819_104526.jpg,F24,10.26,0.46,0.05,0.76,Vertical,Falla a Flexión
20250819_104526.jpg,F25,9.34,0.35,0.56,0.48,Diagonal,Falla a Cortante
20250819_104526.jpg,F26,11.94,1.03,0.06,0.06,Diagonal,Falla a Cortante
20250819_104526.jpg,F27,31.45,0.21,0.21,0.21,Diagonal,Falla a Cortante
20250819_104526.jpg,F28,13.0,1.03,0.81,1.51,Diagonal,Falla a Cortante
20250819_104526.jpg,F29,39.57,0.85,0.05,0.16,Vertical,Fisura No Estructural
20250819_104526.jpg,F30,14.59,0.18,0.65,0.59,Diagonal,Falla a Cortante
20250819_104526.jpg,F31,32.37,0.48,2.06,2.06,Diagonal,Falla a Cortante
20250819_104531.jpg,F1,10.88,0.05,0.06,0.31,Vertical,Fisura No Estructural
20250819_104531.jpg,F2,12.02,0.41,0.81,0.42,Diagonal,Falla a Cortante
20250819_104531.jpg,F3,13.08,0.21,0.35,0.4,Diagonal,Falla a Cortante
20250819_104531.jpg,F4,7.72,0.35,0.25,0.41,Horizontal,Fisura No Estructural
20250819_104531.jpg,F5,20.78,0.05,0.25,0.67,Horizontal,Fisura No Estructural
20250819_104531.jpg,F6,17.22,0.05,0.06,0.75,Vertical,Fisura No Estructural
20250819_104531.jpg,F7,9.76,0.4,0.82,0.87,Diagonal,Falla a Cortante
20250819_104531.jpg,F8,5.9,0.4,0.09,0.5,Vertical,Falla a Flexión
20250819_104531.jpg,F9,7.25,0.61,0.05,0.46,Vertical,Fisura No Estructural
20250819_104531.jpg,F10,11.19,0.06,1.06,0.06,Diagonal,Falla a Cortante
20250819_104531.jpg,F11,15.51,0.05,1.09,0.42,Vertical,Fisura No Estructural
20250819_104531.jpg,F12,3.7,0.25,0.61,0.49,Diagonal,Falla a Cortante
20250819_104531.jpg,F13,14.38,0.26,0.24,0.61,Vertical,Fisura No Estructural
20250819_104531.jpg,F14,7.3,0.12,0.46,0.58,Vertical,Fisura No Estructural
20250819_110619.jpg,F1,54.88,1.1,0.2,0.2,Diagonal,Falla a Cortante
20250819_110619.jpg,F2,65.4,1.7,0.2,0.2,Diagonal,Falla a Cortante
20250819_110619.jpg,F3,56.52,0.2,0.5,0.5,Diagonal,Falla a Cortante
20250819_110619.jpg,F4,44.54,1.0,1.6,1.9,Diagonal,Falla a Cortante
20250819_110619.jpg,F5,50.58,0.8,0.8,1.0,Diagonal,Falla a Cortante
20250819_110619.jpg,F6,43.3,1.0,1.3,1.0,Vertical,Falla a Flexión
20250819_110619.jpg,F7,71.34,0.2,0.2,1.1,Diagonal,Falla a Cortante
20250819_110619.jpg,F8,41.26,1.4,1.8,1.1,Diagonal,Falla a Cortante
20250819_110619.jpg,F9,69.05,1.1,1.4,2.0,Diagonal,Falla a Cortante
20250819_110619.jpg,F10,31.49,2.8,1.3,0.2,Diagonal,Falla a Cortante
20250819_110619.jpg,F11,54.52,1.9,0.2,1.4,Horizontal,Falla a Compresión
20250819_110619.jpg,F12,49.36,0.2,2.8,3.4,Diagonal,Falla a Cortante
20250819_110619.jpg,F13,43.3,1.3,1.4,1.0,Vertical,Falla a Flexión
20250819_110619.jpg,F14,38.33,0.2,0.2,0.2,Diagonal,Falla a Cortante
20250819_110619.jpg,F15,23.8,0.2,1.5,1.5,Diagonal,Falla a Cortante
20250819_110619.jpg,F16,64.03,1.8,2.8,1.1,Diagonal,Falla a Cortante
20250819_110619.jpg,F17,60.07,0.6,0.2,0.6,Diagonal,Falla a Cortante
20250819_110619.jpg,F18,33.22,0.2,1.7,1.5,Diagonal,Falla a Cortante
20250819_110619.jpg,F19,58.19,0.2,0.2,0.2,Diagonal,Falla a Cortante
20250819_110619.jpg,F20,63.7,1.3,2.5,1.3,Diagonal,Falla a Cortante
20250819_110619.jpg,F21,44.44,0.6,0.6,0.6,Horizontal,Falla a Compresión
20250819_110619.jpg,F22,28.7,0.9,1.5,0.6,Diagonal,Falla a Cortante
20250819_110619.jpg,F23,61.87,1.9,0.2,1.8,Horizontal,Falla a Compresión
20250819_110619.jpg,F24,58.06,3.8,4.8,3.8,Vertical,Falla a Flexión
20250819_110628.jpg,F1,17.34,0.32,0.72,0.05,Vertical,Fisura No Estructural
20250819_110628.jpg,F2,15.85,0.45,0.06,0.38,Diagonal,Falla a Cortante
20250819_110628.jpg,F3,16.47,0.05,0.9,0.05,Diagonal,Falla a Cortante
20250819_110628.jpg,F4,13.15,0.05,0.22,0.22,Diagonal,Falla a Cortante
20250819_110628.jpg,F5,12.54,0.05,0.05,0.05,Vertical,Falla a Flexión
20250819_110628.jpg,F6,13.61,0.07,0.38,0.14,Vertical,Falla a Flexión
20250819_110628.jpg,F7,17.76,0.41,0.08,2.46,Diagonal,Falla a Cortante
20250819_110628.jpg,F8,11.18,0.58,0.74,0.74,Horizontal,Falla a Compresión
20250819_110628.jpg,F9,24.39,0.41,0.05,0.92,Vertical,Fisura No Estructural
20250819_110628.jpg,F10,7.02,0.07,0.41,0.45,Diagonal,Falla a Cortante
20250819_110628.jpg,F11,12.64,0.86,0.38,0.46,Diagonal,Falla a Cortante
20250819_110628.jpg,F12,13.83,0.38,0.76,0.69,Diagonal,Falla a Cortante
20250819_110628.jpg,F13,12.91,0.26,0.3,0.05,Diagonal,Falla a Cortante
20250819_110628.jpg,F14,11.7,0.51,0.07,0.62,Vertical,Falla a Flexión
20250819_110628.jpg,F15,16.24,1.55,2.6,1.08,Diagonal,Falla a Cortante
20250819_110628.jpg,F16,11.89,0.29,0.7,0.06,Diagonal,Falla a Cortante
20250819_110628.jpg,F17,17.46,0.75,0.08,0.08,Horizontal,Falla a Compresión
20250819_110628.jpg,F18,26.31,0.89,0.79,0.9,Diagonal,Falla a Cortante
20250819_110628.jpg,F19,19.12,1.21,0.51,0.08,Horizontal,Falla a Compresión
20250819_110628.jpg,F20,23.69,0.26,0.11,0.07,Diagonal,Falla a Cortante
20250819_110628.jpg,F21,12.05,0.07,0.27,0.26,Diagonal,Falla a Cortante
20250819_110628.jpg,F22,16.56,0.16,0.07,0.05,Vertical,Falla a Flexión
20250819_122000.jpg,F1,10.36,0.28,1.55,0.3,Diagonal,Falla a Cortante
20250819_122000.jpg,F2,16.52,0.06,0.07,0.06,Diagonal,Falla a Cortante
20250819_122000.jpg,F3,8.97,0.17,0.31,0.06,Diagonal,Falla a Cortante
20250819_122000.jpg,F4,13.31,0.23,0.17,0.5,Vertical,Fisura No Estructural
20250819_122000.jpg,F5,11.39,0.28,0.28,0.17,Vertical,Fisura No Estructural
20250819_122000.jpg,F6,10.44,0.22,0.69,0.3,Diagonal,Falla a Cortante
20250819_122000.jpg,F7,22.84,0.42,1.22,0.42,Diagonal,Falla a Cortante
20250819_122000.jpg,F8,10.42,0.06,0.06,1.25,Vertical,Falla a Flexión
20250819_122000.jpg,F9,9.71,0.28,0.28,0.19,Diagonal,Falla a Cortante
20250819_122000.jpg,F10,4.06,0.06,0.88,0.69,Diagonal,Falla a Cortante
20250819_122000.jpg,F11,10.19,0.64,0.86,0.86,Vertical,Falla a Flexión
20250819_122000.jpg,F12,7.8,0.64,0.44,0.64,Diagonal,Falla a Cortante
20250819_122000.jpg,F13,23.02,0.74,0.28,0.6,Vertical,Fisura No Estructural
20250819_122000.jpg,F14,21.96,1.08,1.13,1.19,Diagonal,Falla a Cortante
20250819_122000.jpg,F15,5.89,0.06,1.32,0.57,Diagonal,Falla a Cortante
20250819_122000.jpg,F16,12.34,1.33,1.72,1.03,Diagonal,Falla a Cortante
20250819_122000.jpg,F17,44.33,0.21,1.76,3.06,Vertical,Fisura No Estructural
20250819_122000.jpg,F18,8.49,0.38,0.17,0.19,Diagonal,Falla a Cortante
20250819_122000.jpg,F19,18.12,0.46,0.56,0.56,Vertical,Fisura No Estructural
20250819_122000.jpg,F20,18.61,0.06,0.64,0.39,Vertical,Fisura No Estructural
20250819_122010.jpg,F1,13.25,0.46,0.05,0.3,Diagonal,Falla a Cortante
20250819_122010.jpg,F2,16.03,0.41,0.05,0.39,Diagonal,Falla a Cortante
20250819_122010.jpg,F3,7.31,0.92,0.05,0.38,Diagonal,Falla a Cortante
20250819_122010.jpg,F4,13.32,0.43,0.32,0.44,Diagonal,Falla a Cortante
20250819_122010.jpg,F5,11.51,0.05,0.3,0.23,Diagonal,Falla a Cortante
20250819_122010.jpg,F6,114.67,2.86,0.44,6.19,Diagonal,Falla a Cortante
20250819_122010.jpg,F7,68.64,6.19,6.92,4.0,Diagonal,Falla a Cortante
20250819_122010.jpg,F8,13.54,0.05,0.3,0.05,Vertical,Falla a Flexión
20250819_122010.jpg,F9,7.01,0.05,0.05,0.21,Vertical,Fisura No Estructural
20250819_122010.jpg,F10,12.94,0.41,0.54,0.05,Vertical,Falla a Flexión
20250819_122010.jpg,F11,11.2,0.06,0.8,0.16,Vertical,Fisura No Estructural
20250819_122010.jpg,F12,7.88,0.05,0.05,0.19,Diagonal,Falla a Cortante
20250819_122010.jpg,F13,4.65,0.46,0.27,0.46,Diagonal,Falla a Cortante
20250819_122010.jpg,F14,7.14,0.14,0.54,0.05,Diagonal,Falla a Cortante
20250819_122010.jpg,F15,12.93,0.05,0.26,0.14,Diagonal,Falla a Cortante
20250819_122010.jpg,F16,3.08,0.23,0.62,0.18,Vertical,Falla a Flexión
20250819_122010.jpg,F17,11.73,0.76,1.05,0.67,Diagonal,Falla a Cortante
20250819_122010.jpg,F18,8.6,1.07,0.85,1.01,Diagonal,Falla a Cortante
20250819_122010.jpg,F19,10.56,0.24,0.21,0.34,Diagonal,Falla a Cortante
20250819_122010.jpg,F20,4.69,0.11,0.27,0.23,Diagonal,Falla a Cortante
20250819_122010.jpg,F21,14.36,0.06,0.51,0.56,Diagonal,Falla a Cortante
20250819_122010.jpg,F22,15.49,0.3,0.3,0.53,Vertical,Falla a Flexión
20250819_122010.jpg,F23,11.32,0.76,1.17,0.71,Diagonal,Falla a Cortante
20250819_122010.jpg,F24,10.92,0.32,0.97,0.23,Diagonal,Falla a Cortante
20250819_122010.jpg,F25,12.94,0.64,0.36,0.16,Diagonal,Falla a Cortante
20250819_130739.jpg,F1,14.43,0.32,0.3,0.38,Vertical,Falla a Flexión
20250819_130739.jpg,F2,14.19,0.04,0.04,0.04,Vertical,Fisura No Estructural
20250819_130739.jpg,F3,13.76,0.3,0.49,0.4,Vertical,Falla a Flexión
20250819_130739.jpg,F4,11.67,0.3,0.07,1.18,Diagonal,Falla a Cortante
20250819_130739.jpg,F5,6.61,0.47,0.44,0.21,Diagonal,Falla a Cortante
20250819_130739.jpg,F6,12.74,0.38,0.55,0.3,Vertical,Falla a Flexión
20250819_130739.jpg,F7,9.74,0.13,0.45,0.28,Diagonal,Falla a Cortante
20250819_130739.jpg,F8,13.88,0.66,0.36,0.21,Diagonal,Falla a Cortante
20250819_130739.jpg,F9,6.17,0.37,0.48,0.39,Diagonal,Falla a Cortante
20250819_130739.jpg,F10,9.85,0.17,0.4,0.64,Diagonal,Falla a Cortante
20250819_130739.jpg,F11,6.5,0.23,0.66,0.52,Diagonal,Falla a Cortante
20250819_130739.jpg,F12,19.79,0.04,0.04,0.04,Vertical,Fisura No Estructural
20250819_130739.jpg,F13,34.29,0.15,0.21,0.21,Horizontal,Fisura No Estructural
20250819_130739.jpg,F14,15.97,0.19,0.04,0.3,Vertical,Falla a Flexión
20250819_130739.jpg,F15,9.72,0.5,0.61,0.36,Diagonal,Falla a Cortante
20250819_130739.jpg,F16,195.45,0.04,16.36,16.72,Diagonal,Falla a Cortante
20250819_130739.jpg,F17,7.19,0.59,0.25,0.2,Diagonal,Falla a Cortante
20250819_130739.jpg,F18,10.55,0.06,0.33,0.44,Diagonal,Falla a Cortante
20250819_130739.jpg,F19,26.1,0.23,1.58,1.06,Diagonal,Falla a Cortante
20250819_130739.jpg,F20,9.89,0.96,1.27,1.45,Diagonal,Falla a Cortante
20250819_130739.jpg,F21,13.52,0.25,0.04,0.04,Vertical,Falla a Flexión
20250819_130739.jpg,F22,6.27,0.13,0.13,0.06,Vertical,Falla a Flexión
20250819_130739.jpg,F23,14.57,0.04,1.27,1.94,Diagonal,Falla a Cortante
20250819_130739.jpg,F24,11.98,0.23,0.38,0.31,Diagonal,Falla a Cortante
20250819_130739.jpg,F25,7.67,0.06,0.07,0.06,Diagonal,Falla a Cortante
20250819_130739.jpg,F26,11.88,0.17,0.77,0.3,Diagonal,Falla a Cortante
20250819_130739.jpg,F27,6.3,0.9,0.28,0.22,Diagonal,Falla a Cortante
20250819_130739.jpg,F28,9.52,0.06,1.99,0.13,Diagonal,Falla a Cortante
20250819_130739.jpg,F29,10.85,0.13,0.25,0.35,Vertical,Fisura No Estructural
20250819_130739.jpg,F30,38.03,0.04,2.07,0.21,Diagonal,Falla a Cortante
20250819_130739.jpg,F31,12.08,0.69,0.57,0.47,Vertical,Fisura No Estructural
20250819_130739.jpg,F32,13.83,0.3,1.19,0.72,Diagonal,Falla a Cortante
20250819_130739.jpg,F33,16.28,0.11,0.21,0.13,Diagonal,Falla a Cortante
20250819_130739.jpg,F34,71.89,3.42,4.28,16.63,Horizontal,Falla a Compresión
20250819_130739.jpg,F35,9.63,0.06,0.07,0.07,Diagonal,Falla a Cortante
20250819_130746.jpg,F1,12.42,0.36,0.6,0.6,Vertical,Falla a Flexión
20250819_130746.jpg,F2,9.1,0.61,0.49,0.05,Vertical,Falla a Flexión
20250819_130746.jpg,F3,19.27,0.47,0.29,0.49,Diagonal,Falla a Cortante
20250819_130746.jpg,F4,14.94,0.12,0.21,0.21,Horizontal,Fisura No Estructural
20250819_130746.jpg,F5,11.61,0.06,0.68,0.25,Diagonal,Falla a Cortante
20250819_130746.jpg,F6,12.51,0.18,0.35,0.35,Horizontal,Fisura No Estructural
20250819_130746.jpg,F7,18.9,0.05,0.42,0.05,Vertical,Falla a Flexión
20250819_130746.jpg,F8,17.52,0.06,0.37,0.68,Diagonal,Falla a Cortante
20250819_130746.jpg,F9,14.87,0.09,0.34,0.26,Diagonal,Falla a Cortante
20250819_130746.jpg,F10,13.86,0.28,0.55,0.06,Vertical,Fisura No Estructural
20250819_130746.jpg,F11,12.31,1.71,0.32,1.09,Diagonal,Falla a Cortante
20250819_130746.jpg,F12,6.75,1.01,1.11,0.7,Diagonal,Falla a Cortante
20250819_130746.jpg,F13,26.92,0.05,1.24,0.07,Diagonal,Falla a Cortante
20250819_130746.jpg,F14,16.21,0.43,0.06,0.32,Horizontal,Fisura No Estructural
20250819_130746.jpg,F15,14.29,0.16,0.06,0.16,Diagonal,Falla a Cortante
20250819_130746.jpg,F16,22.34,0.06,0.09,0.59,Diagonal,Falla a Cortante
20250819_130746.jpg,F17,9.24,0.26,0.25,0.49,Vertical,Fisura No Estructural
20250819_130746.jpg,F18,11.11,1.35,1.04,0.81,Diagonal,Falla a Cortante
20250819_130746.jpg,F19,1.84,0.06,0.25,0.07,Diagonal,Falla a Cortante
20250819_130746.jpg,F20,8.37,0.06,0.21,0.21,Horizontal,Fisura No Estructural
20250819_130746.jpg,F21,9.43,0.26,0.26,0.31,Vertical,Fisura No Estructural
20250819_142435.jpg,F1,2337.39,14.14,150.0,91.92,Diagonal,Falla a Cortante
20250819_142435.jpg,F2,4.49,0.54,0.54,2.24,Horizontal,Falla a Compresión
20250819_142435.jpg,F3,1477.57,0.05,99.0,20.0,Diagonal,Falla a Cortante
20250819_142435.jpg,F4,63.26,1.47,0.73,0.05,Horizontal,Fisura No Estructural
20250819_142435.jpg,F5,38.21,0.13,1.81,1.94,Diagonal,Falla a Cortante
20250819_142435.jpg,F6,1722.03,63.64,275.77,70.71,Diagonal,Falla a Cortante
20250819_142435.jpg,F7,15.19,1.19,1.54,0.94,Diagonal,Falla a Cortante
20250819_142435.jpg,F8,22.46,1.97,0.52,2.42,Horizontal,Fisura No Estructural
20250819_142435.jpg,F9,89.63,14.84,0.85,16.89,Diagonal,Falla a Cortante
20250819_142435.jpg,F10,28.13,1.28,0.33,1.16,Vertical,Fisura No Estructural
20250819_142435.jpg,F11,23.64,0.38,2.01,0.73,Diagonal,Falla a Cortante
20250819_142435.jpg,F12,9.83,1.03,0.45,0.32,Diagonal,Falla a Cortante
20250819_142435.jpg,F13,30.33,1.39,0.16,0.64,Vertical,Fisura No Estructural
20250819_142435.jpg,F14,2620.48,0.42,20.0,91.92,Diagonal,Falla a Cortante
20250819_142435.jpg,F15,1171.15,127.28,346.48,84.85,Diagonal,Falla a Cortante
20250819_142446.jpg,F1,13.2,0.13,0.4,0.05,Diagonal,Falla a Cortante
20250819_142446.jpg,F2,12.99,1.27,1.2,0.95,Diagonal,Falla a Cortante
20250819_142446.jpg,F3,22.51,0.04,0.04,0.04,Vertical,Falla a Flexión
20250819_142446.jpg,F4,11.22,0.42,0.42,0.42,Vertical,Falla a Flexión
20250819_142446.jpg,F5,14.87,1.4,1.46,1.16,Diagonal,Falla a Cortante
20250819_142446.jpg,F6,9.76,0.57,0.34,0.29,Diagonal,Falla a Cortante
20250819_142446.jpg,F7,16.8,1.47,1.64,0.97,Diagonal,Falla a Cortante
20250819_142446.jpg,F8,21.1,0.06,0.55,1.16,Diagonal,Falla a Cortante
20250819_142446.jpg,F9,14.88,0.58,0.49,0.23,Vertical,Fisura No Estructural
20250819_142446.jpg,F10,13.65,0.4,0.31,0.31,Vertical,Fisura No Estructural
20250819_145129.jpg,F1,14.34,0.52,0.35,0.6,Vertical,Fisura No Estructural
20250819_145129.jpg,F2,16.87,0.81,0.36,0.72,Vertical,Fisura No Estructural
20250819_145129.jpg,F3,13.09,0.06,0.14,0.14,Diagonal,Falla a Cortante
20250819_145129.jpg,F4,13.74,0.05,0.43,0.05,Diagonal,Falla a Cortante
20250819_145129.jpg,F5,18.38,0.78,0.24,0.52,Vertical,Falla a Flexión
20250819_145129.jpg,F6,70.97,3.54,5.66,0.71,Diagonal,Falla a Cortante
20250819_145129.jpg,F7,20.1,0.94,1.32,0.94,Diagonal,Falla a Cortante
20250819_145129.jpg,F8,337.25,30.0,18.07,1.11,Diagonal,Falla a Cortante
20250819_145129.jpg,F9,3.72,0.27,0.35,0.35,Diagonal,Falla a Cortante
20250819_145129.jpg,F10,7.11,0.27,0.33,0.3,Diagonal,Falla a Cortante
20250819_145129.jpg,F11,9.13,0.08,0.08,0.0,Diagonal,Falla a Cortante
20250819_145129.jpg,F12,15.05,0.24,0.38,0.36,Vertical,Fisura No Estructural
20250819_145129.jpg,F13,5.27,0.71,0.7,0.33,Diagonal,Falla a Cortante
20250819_145129.jpg,F14,7.49,0.07,0.25,0.18,Horizontal,Falla a Compresión
20250819_145129.jpg,F15,50.83,1.55,0.14,0.21,Diagonal,Falla a Cortante
20250819_145129.jpg,F16,568.26,6.67,0.05,6.67,Diagonal,Falla a Cortante
20250819_145129.jpg,F17,400.55,4.71,56.57,42.43,Diagonal,Falla a Cortante
20250819_145129.jpg,F18,141.32,1.57,5.5,26.72,Diagonal,Falla a Cortante
20250819_145129.jpg,F19,514.78,0.05,36.67,28.28,Diagonal,Falla a Cortante
20250819_145138.jpg,F1,4849.1,11.34,7.24,5.98,Vertical,Fisura No Estructural
20250819_145138.jpg,F2,2784.81,4.72,4.41,233.46,Vertical,Fisura No Estructural
20250819_145138.jpg,F3,2372.38,4.72,5.67,127.34,Diagonal,Falla a Cortante
20250819_145138.jpg,F4,325.79,12.6,1.0,11.34,Vertical,Falla a Flexión
20250819_145138.jpg,F5,2466.74,0.63,14.15,0.63,Vertical,Falla a Flexión
20250819_145138.jpg,F6,208.49,2.92,5.98,5.98,Diagonal,Falla a Cortante
20250819_145138.jpg,F7,279.92,6.61,5.04,5.98,Vertical,Fisura No Estructural
20250819_145138.jpg,F8,2739.44,155.64,7.24,226.39,Diagonal,Falla a Cortante
20250819_145138.jpg,F9,271.95,3.46,10.64,7.24,Vertical,Fisura No Estructural
20250819_145138.jpg,F10,441.62,38.1,12.77,11.02,Vertical,Fisura No Estructural
20250819_145138.jpg,F11,4892.06,13.86,13.54,311.28,Diagonal,Falla a Cortante
20250819_145138.jpg,F12,259.05,0.63,5.35,1.42,Diagonal,Falla a Cortante
20250819_145138.jpg,F13,2557.32,1.89,1.89,70.75,Vertical,Fisura No Estructural
20250819_145138.jpg,F14,3091.31,14.15,2.83,0.63,Vertical,Fisura No Estructural
20250819_145138.jpg,F15,5783.69,0.63,7.24,0.63,Vertical,Fisura No Estructural
20250819_145138.jpg,F16,103.48,5.98,0.63,16.0,Vertical,Falla a Flexión
20250819_145138.jpg,F17,3805.39,0.63,0.63,0.63,Vertical,Fisura No Estructural
20250819_145138.jpg,F18,4757.92,77.82,5.98,0.63,Diagonal,Falla a Cortante
20250819_145138.jpg,F19,131.86,5.98,5.98,7.24,Vertical,Falla a Flexión
20250819_145138.jpg,F20,1406.16,205.16,3.15,3.46,Diagonal,Falla a Cortante
20250819_152545.jpg,F1,63.66,0.2,0.2,2.2,Horizontal,Falla a Compresión
20250819_152545.jpg,F2,30.8,1.0,1.6,0.2,Diagonal,Falla a Cortante
20250819_152545.jpg,F3,53.67,0.6,2.8,1.1,Vertical,Falla a Flexión
20250819_152545.jpg,F4,49.16,3.0,1.9,2.0,Vertical,Falla a Flexión
20250819_152545.jpg,F5,41.54,1.5,0.2,2.7,Vertical,Falla a Flexión
20250819_152545.jpg,F6,20.73,1.8,1.0,0.2,Diagonal,Falla a Cortante
20250819_152545.jpg,F7,44.03,0.6,1.9,0.2,Diagonal,Falla a Cortante
20250819_152545.jpg,F8,49.17,2.4,1.5,1.7,Vertical,Falla a Flexión
20250819_152545.jpg,F9,61.38,2.0,8.4,1.7,Vertical,Falla a Flexión
20250819_152545.jpg,F10,42.86,1.1,1.5,1.4,Vertical,Falla a Flexión
20250819_152545.jpg,F11,40.67,0.2,0.2,0.2,Diagonal,Falla a Cortante
20250819_152545.jpg,F12,54.7,0.2,0.2,0.2,Vertical,Falla a Flexión
20250819_152545.jpg,F13,40.65,1.8,1.0,1.4,Vertical,Falla a Flexión
20250819_152545.jpg,F14,37.0,1.2,1.5,1.4,Diagonal,Falla a Cortante
20250819_152545.jpg,F15,53.35,2.3,1.6,1.8,Vertical,Falla a Flexión
20250819_152545.jpg,F16,30.22,0.2,0.2,0.2,Vertical,Falla a Flexión
20250819_152545.jpg,F17,35.45,1.5,1.4,2.4,Horizontal,Fisura No Estructural
20250819_152545.jpg,F18,47.52,3.4,4.3,4.4,Diagonal,Falla a Cortante
20250819_152545.jpg,F19,79.88,0.2,1.9,0.2,Vertical,Falla a Flexión
20250819_152545.jpg,F20,50.68,0.6,2.3,0.2,Diagonal,Falla a Cortante
20250819_152545.jpg,F21,39.65,0.3,2.3,1.7,Vertical,Falla a Flexión
20250819_152545.jpg,F22,14.2,2.2,1.8,1.5,Diagonal,Falla a Cortante
20250819_152545.jpg,F23,10.9,0.6,1.0,1.0,Vertical,Falla a Flexión
20250819_152545.jpg,F24,36.82,1.0,0.2,0.2,Vertical,Falla a Flexión
20250819_152545.jpg,F25,18.16,1.2,0.2,0.2,Diagonal,Falla a Cortante
20250819_152545.jpg,F26,50.14,0.8,1.9,1.6,Diagonal,Falla a Cortante
20250819_152545.jpg,F27,48.33,1.0,1.8,2.3,Vertical,Falla a Flexión
20250819_152554.jpg,F1,54.49,4.1,0.2,2.3,Vertical,Falla a Flexión
20250819_152554.jpg,F2,49.82,0.3,0.4,0.8,Vertical,Fisura No Estructural
20250819_152554.jpg,F3,51.46,0.2,0.2,0.2,Vertical,Fisura No Estructural
20250819_152554.jpg,F4,50.41,1.9,2.3,3.3,Vertical,Falla a Flexión
20250819_152554.jpg,F5,51.24,2.0,1.9,2.7,Vertical,Falla a Flexión
20250819_152554.jpg,F6,76.03,1.2,1.2,2.0,Diagonal,Falla a Cortante
20250819_152554.jpg,F7,57.08,5.2,2.4,2.6,Vertical,Falla a Flexión
20250819_152554.jpg,F8,42.42,1.0,0.8,3.2,Diagonal,Falla a Cortante
20250819_152554.jpg,F9,58.26,1.6,1.0,5.4,Vertical,Falla a Flexión
20250819_152554.jpg,F10,37.41,0.2,0.2,0.2,Diagonal,Falla a Cortante
20250819_152554.jpg,F11,55.75,2.2,1.9,1.9,Horizontal,Falla a Compresión
20250819_152554.jpg,F12,48.77,2.8,2.7,2.3,Vertical,Falla a Flexión
20250819_155953.jpg,F1,16.35,0.69,0.54,0.46,Vertical,Falla a Flexión
20250819_155953.jpg,F2,14.69,0.31,0.51,0.42,Vertical,Falla a Flexión
20250819_155953.jpg,F3,18.13,0.24,0.7,0.44,Vertical,Fisura No Estructural
20250819_155953.jpg,F4,14.51,0.14,0.24,0.24,Horizontal,Fisura No Estructural
20250819_155953.jpg,F5,78.53,0.18,7.26,7.18,Diagonal,Falla a Cortante
20250819_155953.jpg,F6,17.4,0.26,0.4,0.51,Vertical,Fisura No Estructural
20250819_155953.jpg,F7,10.04,0.48,0.31,0.51,Diagonal,Falla a Cortante
20250819_155953.jpg,F8,10.24,0.62,0.07,0.47,Vertical,Fisura No Estructural
20250819_155953.jpg,F9,15.06,0.15,0.23,0.76,Vertical,Fisura No Estructural
20250819_155953.jpg,F10,7.61,0.44,0.93,0.51,Diagonal,Falla a Cortante
20250819_155953.jpg,F11,16.28,0.88,0.46,0.82,Diagonal,Falla a Cortante
20250819_155953.jpg,F12,10.64,0.22,0.51,0.22,Diagonal,Falla a Cortante
20250819_155953.jpg,F13,15.82,0.7,1.1,0.97,Diagonal,Falla a Cortante
20250819_155953.jpg,F14,110.06,5.01,18.53,0.59,Vertical,Falla a Flexión
20250819_155953.jpg,F15,63.1,1.71,3.71,2.03,Diagonal,Falla a Cortante
20250819_155953.jpg,F16,102.81,0.73,0.73,35.21,Vertical,Fisura No Estructural
20250819_155953.jpg,F17,75.76,17.44,0.04,9.23,Horizontal,Fisura No Estructural
20250819_155953.jpg,F18,8.54,0.06,0.51,0.23,Diagonal,Falla a Cortante
20250819_155953.jpg,F19,12.52,0.06,0.07,0.07,Horizontal,Fisura No Estructural
20250819_155953.jpg,F20,121.03,0.6,0.88,8.09,Horizontal,Fisura No Estructural
20250819_155953.jpg,F21,40.46,0.42,2.78,0.53,Diagonal,Falla a Cortante
20250819_155953.jpg,F22,78.77,0.15,0.55,2.14,Vertical,Fisura No Estructural
20250819_155959.jpg,F1,17.2,0.04,0.22,0.41,Diagonal,Falla a Cortante
20250819_155959.jpg,F2,12.53,0.73,0.35,0.22,Diagonal,Falla a Cortante
20250819_155959.jpg,F3,10.28,0.68,1.12,0.35,Diagonal,Falla a Cortante
20250819_155959.jpg,F4,7.94,0.26,0.61,0.5,Diagonal,Falla a Cortante
20250819_155959.jpg,F5,14.73,0.33,0.59,0.5,Vertical,Falla a Flexión
20250819_155959.jpg,F6,11.24,0.04,0.35,0.58,Diagonal,Falla a Cortante
20250819_155959.jpg,F7,10.79,0.3,0.24,0.5,Diagonal,Falla a Cortante
20250819_155959.jpg,F8,15.07,0.5,0.04,0.68,Vertical,Falla a Flexión
20250819_155959.jpg,F9,12.53,0.13,0.92,0.04,Vertical,Fisura No Estructural
20250819_155959.jpg,F10,15.19,0.33,1.33,1.39,Vertical,Fisura No Estructural
20250819_155959.jpg,F11,15.31,0.5,0.57,0.59,Vertical,Falla a Flexión
20250819_155959.jpg,F12,13.91,0.59,0.23,1.05,Diagonal,Falla a Cortante
20250819_155959.jpg,F13,16.75,0.94,1.21,1.15,Diagonal,Falla a Cortante
20250819_155959.jpg,F14,9.61,0.52,1.35,0.8,Diagonal,Falla a Cortante
20250819_155959.jpg,F15,1844.77,140.0,56.57,0.17,Diagonal,Falla a Cortante
20250819_155959.jpg,F16,15.71,0.12,0.38,0.38,Horizontal,Fisura No Estructural
20250819_155959.jpg,F17,14.34,0.22,0.37,0.49,Vertical,Fisura No Estructural
20250819_155959.jpg,F18,7.24,0.51,0.47,0.47,Horizontal,Falla a Compresión
20250819_155959.jpg,F19,8.82,0.13,0.13,0.13,Vertical,Fisura No Estructural
20250819_155959.jpg,F20,13.71,0.24,0.48,0.5,Vertical,Fisura No Estructural
20250819_155959.jpg,F21,8.87,0.06,0.06,0.13,Diagonal,Falla a Cortante
20250819_155959.jpg,F22,19.29,0.04,0.71,0.04,Vertical,Fisura No Estructural
20250819_155959.jpg,F23,11.59,0.04,0.13,0.04,Vertical,Fisura No Estructural
20250819_155959.jpg,F24,7.7,0.61,0.91,0.87,Diagonal,Falla a Cortante
20250819_155959.jpg,F25,20.1,0.38,0.98,0.35,Diagonal,Falla a Cortante
20250819_155959.jpg,F26,13.88,0.33,0.22,0.5,Vertical,Falla a Flexión
20250820_102758.jpg,F1,18.36,0.35,0.67,0.49,Diagonal,Falla a Cortante
20250820_102758.jpg,F2,11.74,0.45,0.61,0.32,Diagonal,Falla a Cortante
20250820_102758.jpg,F3,13.61,0.06,0.06,0.58,Vertical,Falla a Flexión
20250820_102758.jpg,F4,18.36,0.22,0.29,0.35,Vertical,Fisura No Estructural
20250820_102758.jpg,F5,12.28,0.21,0.86,0.51,Diagonal,Falla a Cortante
20250820_102758.jpg,F6,14.83,0.64,0.58,0.14,Vertical,Fisura No Estructural
20250820_102758.jpg,F7,18.95,0.63,1.35,0.5,Diagonal,Falla a Cortante
20250820_102758.jpg,F8,13.1,0.48,0.61,0.48,Diagonal,Falla a Cortante
20250820_102758.jpg,F9,14.36,0.06,0.58,0.06,Vertical,Falla a Flexión
20250820_102758.jpg,F10,14.82,0.92,0.06,0.06,Vertical,Falla a Flexión
20250820_102758.jpg,F11,15.1,0.55,0.4,0.2,Diagonal,Falla a Cortante
20250820_102758.jpg,F12,24.88,0.06,0.06,0.06,Vertical,Fisura No Estructural
20250820_102758.jpg,F13,22.24,1.22,0.06,1.25,Diagonal,Falla a Cortante
20250820_102758.jpg,F14,16.25,0.5,1.4,0.8,Diagonal,Falla a Cortante
20250820_102758.jpg,F15,15.4,0.06,0.32,0.07,Diagonal,Falla a Cortante
20250820_102758.jpg,F16,17.56,0.06,0.22,1.03,Diagonal,Falla a Cortante
20250820_102758.jpg,F17,26.98,0.32,1.58,0.7,Diagonal,Falla a Cortante
20250820_102758.jpg,F18,12.26,1.2,1.2,0.06,Diagonal,Falla a Cortante
20250820_102758.jpg,F19,19.05,0.99,0.29,0.07,Vertical,Fisura No Estructural
20250820_102758.jpg,F20,12.23,0.06,0.45,0.19,Vertical,Falla a Flexión
20250820_102758.jpg,F21,11.42,0.14,0.08,0.08,Horizontal,Fisura No Estructural
20250820_102758.jpg,F22,6.14,0.81,0.91,0.84,Diagonal,Falla a Cortante
20250820_102758.jpg,F23,23.38,1.2,0.1,0.1,Diagonal,Falla a Cortante
20250820_102758.jpg,F24,9.69,0.32,0.79,0.57,Vertical,Fisura No Estructural
20250820_102758.jpg,F25,16.81,0.49,0.06,0.06,Vertical,Falla a Flexión
20250820_102758.jpg,F26,11.98,0.38,0.64,0.5,Diagonal,Falla a Cortante
20250820_102804.jpg,F1,16.99,0.08,0.08,0.08,Horizontal,Falla a Compresión
20250820_102804.jpg,F2,14.6,0.13,2.71,0.07,Vertical,Falla a Flexión
20250820_102804.jpg,F3,13.19,0.62,0.26,0.24,Diagonal,Falla a Cortante
20250820_102804.jpg,F4,17.23,0.8,0.27,0.6,Diagonal,Falla a Cortante
20250820_102804.jpg,F5,14.44,0.86,0.07,0.37,Vertical,Falla a Flexión
20250820_102804.jpg,F6,11.46,0.08,0.08,0.08,Horizontal,Falla a Compresión
20250820_102804.jpg,F7,18.92,1.59,0.91,0.78,Diagonal,Falla a Cortante
20250820_102804.jpg,F8,20.68,1.36,0.86,0.69,Diagonal,Falla a Cortante
20250820_102804.jpg,F9,16.23,0.44,0.24,1.11,Diagonal,Falla a Cortante
20250820_102804.jpg,F10,20.2,2.03,1.23,0.95,Diagonal,Falla a Cortante
20250820_102804.jpg,F11,17.84,0.86,0.24,0.86,Vertical,Fisura No Estructural
20250820_102804.jpg,F12,11.8,0.27,0.6,0.69,Diagonal,Falla a Cortante
20250820_102804.jpg,F13,11.68,0.13,0.39,0.35,Horizontal,Falla a Compresión
20250820_102804.jpg,F14,13.03,0.49,0.05,0.56,Vertical,Fisura No Estructural
20250820_102804.jpg,F15,11.19,0.07,0.5,0.13,Diagonal,Falla a Cortante
20250820_102804.jpg,F16,9.59,0.26,0.46,0.48,Diagonal,Falla a Cortante
20250820_102804.jpg,F17,21.31,0.11,0.56,0.95,Diagonal,Falla a Cortante
20250820_102804.jpg,F18,14.11,0.17,0.44,0.56,Diagonal,Falla a Cortante
20250820_102804.jpg,F19,12.65,0.88,2.3,1.96,Diagonal,Falla a Cortante
20250820_102804.jpg,F20,20.4,1.22,0.37,1.44,Vertical,Fisura No Estructural
20250820_102804.jpg,F21,11.12,0.07,0.24,0.24,Horizontal,Falla a Compresión
20250820_102804.jpg,F22,7.38,0.76,0.76,0.76,Vertical,Fisura No Estructural
20250820_102804.jpg,F23,8.35,1.15,1.03,1.03,Diagonal,Falla a Cortante
20250820_102804.jpg,F24,5.41,0.4,0.83,0.2,Diagonal,Falla a Cortante
20250820_102804.jpg,F25,19.79,0.56,2.61,1.67,Diagonal,Falla a Cortante
20250820_102804.jpg,F26,5.5,0.52,0.64,0.34,Diagonal,Falla a Cortante
20250820_102804.jpg,F27,13.57,0.07,0.33,0.5,Vertical,Fisura No Estructural
20250820_102804.jpg,F28,12.64,0.33,0.46,0.22,Vertical,Fisura No Estructural
20250820_102804.jpg,F29,206.61,0.24,0.24,10.61,Diagonal,Falla a Cortante
20250820_110814.jpg,F1,18.03,0.6,0.65,0.38,Vertical,Fisura No Estructural
20250820_110814.jpg,F2,18.78,0.22,0.41,0.32,Diagonal,Falla a Cortante
20250820_110814.jpg,F3,8.12,0.38,0.95,0.6,Vertical,Falla a Flexión
20250820_110814.jpg,F4,13.79,0.33,0.41,0.52,Vertical,Fisura No Estructural
20250820_110814.jpg,F5,13.61,0.88,0.53,1.07,Vertical,Fisura No Estructural
20250820_110814.jpg,F6,24.89,0.99,0.33,0.38,Vertical,Falla a Flexión
20250820_110814.jpg,F7,14.13,0.05,0.05,0.06,Vertical,Falla a Flexión
20250820_110814.jpg,F8,42.66,0.41,0.84,0.49,Vertical,Fisura No Estructural
20250820_110814.jpg,F9,15.41,0.27,0.38,0.36,Diagonal,Falla a Cortante
20250820_110814.jpg,F10,37.35,0.63,0.05,0.83,Vertical,Falla a Flexión
20250820_110814.jpg,F11,16.16,0.31,0.27,0.16,Vertical,Fisura No Estructural
20250820_110814.jpg,F12,30.06,0.17,0.05,0.05,Diagonal,Falla a Cortante
20250820_110814.jpg,F13,20.35,0.62,0.91,0.25,Diagonal,Falla a Cortante
20250820_110814.jpg,F14,44.81,0.3,0.96,0.6,Vertical,Fisura No Estructural
20250820_110814.jpg,F15,20.08,0.49,0.38,0.5,Diagonal,Falla a Cortante
20250820_110814.jpg,F16,11.55,0.99,1.42,1.28,Diagonal,Falla a Cortante
20250820_110814.jpg,F17,15.31,0.16,0.8,0.31,Diagonal,Falla a Cortante
20250820_110814.jpg,F18,4.99,0.6,0.3,0.42,Diagonal,Falla a Cortante
20250820_110814.jpg,F19,4.24,0.06,0.05,0.06,Diagonal,Falla a Cortante
20250820_110814.jpg,F20,4.3,0.6,0.41,0.3,Diagonal,Falla a Cortante
20250820_110814.jpg,F21,26.75,1.57,0.49,1.57,Horizontal,Falla a Compresión
20250820_110814.jpg,F22,13.02,0.05,0.24,0.33,Diagonal,Falla a Cortante
20250820_110814.jpg,F23,10.64,0.49,0.6,0.6,Vertical,Fisura No Estructural
20250820_110814.jpg,F24,30.48,0.12,0.99,0.62,Diagonal,Falla a Cortante
20250820_110825.jpg,F1,42.1,0.5,1.2,1.8,Diagonal,Falla a Cortante
20250820_110825.jpg,F2,40.81,2.3,2.3,2.6,Vertical,Falla a Flexión
20250820_110825.jpg,F3,64.5,1.9,1.6,1.7,Diagonal,Falla a Cortante
20250820_110825.jpg,F4,35.63,0.8,1.2,0.2,Diagonal,Falla a Cortante
20250820_110825.jpg,F5,38.09,1.4,1.2,1.5,Diagonal,Falla a Cortante
20250820_110825.jpg,F6,28.53,2.0,2.7,1.4,Diagonal,Falla a Cortante
20250820_110825.jpg,F7,51.38,2.0,2.4,1.1,Diagonal,Falla a Cortante
20250820_110825.jpg,F8,44.02,1.0,2.1,2.3,Vertical,Falla a Flexión
20250820_110825.jpg,F9,72.68,0.2,3.4,2.0,Horizontal,Falla a Compresión
20250820_110825.jpg,F10,59.87,0.2,0.2,0.2,Diagonal,Falla a Cortante
20250820_110825.jpg,F11,35.26,3.0,6.3,2.0,Diagonal,Falla a Cortante
20250820_110825.jpg,F12,47.74,4.9,4.6,4.0,Diagonal,Falla a Cortante
20250820_110825.jpg,F13,64.84,1.9,0.2,2.2,Vertical,Falla a Flexión
20250820_110825.jpg,F14,47.05,2.5,4.0,2.6,Diagonal,Falla a Cortante
20250820_110825.jpg,F15,21.67,1.0,1.7,1.2,Diagonal,Falla a Cortante
20250820_110825.jpg,F16,40.51,1.9,1.1,7.0,Diagonal,Falla a Cortante
20250820_110825.jpg,F17,38.27,0.2,0.6,0.2,Vertical,Fisura No Estructural
20250820_110825.jpg,F18,17.59,1.4,0.2,0.2,Vertical,Falla a Flexión
20250820_110825.jpg,F19,42.9,2.3,6.0,2.8,Vertical,Falla a Flexión
20250820_110825.jpg,F20,49.5,5.1,4.4,3.5,Diagonal,Falla a Cortante
20250820_114315.jpg,F1,16.79,0.42,0.56,0.42,Vertical,Falla a Flexión
20250820_114315.jpg,F2,12.93,0.28,0.06,0.13,Vertical,Falla a Flexión
20250820_114315.jpg,F3,12.19,0.37,1.29,0.84,Vertical,Falla a Flexión
20250820_114315.jpg,F4,13.03,0.65,1.97,0.37,Diagonal,Falla a Cortante
20250820_114315.jpg,F5,126.92,1.0,1.0,1.0,Horizontal,Fisura No Estructural
20250820_114315.jpg,F6,16.45,0.28,0.53,0.06,Vertical,Falla a Flexión
20250820_114315.jpg,F7,16.25,0.42,0.6,0.42,Vertical,Falla a Flexión
20250820_114315.jpg,F8,10.55,0.62,0.06,0.62,Vertical,Fisura No Estructural
20250820_114315.jpg,F9,16.81,0.28,0.46,0.28,Diagonal,Falla a Cortante
20250820_114315.jpg,F10,15.44,0.07,0.39,0.43,Diagonal,Falla a Cortante
20250820_114315.jpg,F11,63.14,3.54,0.17,1.42,Diagonal,Falla a Cortante
20250820_114315.jpg,F12,16.3,0.42,0.46,0.42,Vertical,Falla a Flexión
20250820_114315.jpg,F13,14.59,0.07,0.07,0.07,Horizontal,Falla a Compresión
20250820_114315.jpg,F14,16.24,2.54,0.53,0.53,Vertical,Falla a Flexión
20250820_114315.jpg,F15,19.39,0.9,1.21,1.01,Diagonal,Falla a Cortante
20250820_114315.jpg,F16,11.19,0.06,0.67,0.11,Diagonal,Falla a Cortante
20250820_114315.jpg,F17,15.55,0.28,0.96,0.06,Vertical,Falla a Flexión
20250820_114315.jpg,F18,20.4,0.87,0.31,0.53,Vertical,Falla a Flexión
20250820_114315.jpg,F19,3.14,1.22,0.23,1.91,Horizontal,Falla a Compresión
20250820_114315.jpg,F20,100.07,0.71,18.5,0.62,Vertical,Fisura No Estructural
20250820_114315.jpg,F21,13.37,0.28,0.06,0.06,Vertical,Falla a Flexión
20250820_114333.jpg,F1,7.45,0.44,0.51,0.24,Vertical,Falla a Flexión
20250820_114333.jpg,F2,13.0,0.28,0.44,0.22,Vertical,Fisura No Estructural
20250820_114333.jpg,F3,10.13,0.51,0.64,0.22,Vertical,Falla a Flexión
20250820_114333.jpg,F4,11.17,0.31,0.51,0.31,Vertical,Falla a Flexión
20250820_114333.jpg,F5,19.24,0.42,0.11,0.22,Vertical,Falla a Flexión
20250820_114333.jpg,F6,12.64,0.06,0.28,0.48,Diagonal,Falla a Cortante
20250820_114333.jpg,F7,10.2,0.31,0.45,0.48,Vertical,Falla a Flexión
20250820_114333.jpg,F8,14.09,0.44,0.83,0.33,Vertical,Fisura No Estructural
20250820_114333.jpg,F9,10.0,1.47,0.19,0.06,Horizontal,Falla a Compresión
20250820_114333.jpg,F10,10.31,0.42,0.06,0.31,Diagonal,Falla a Cortante
20250820_114333.jpg,F11,11.83,1.13,1.27,0.94,Diagonal,Falla a Cortante
20250820_114333.jpg,F12,6.9,0.33,0.66,0.42,Vertical,Falla a Flexión
20250820_114333.jpg,F13,13.76,0.06,2.12,0.33,Vertical,Fisura No Estructural
20250820_114333.jpg,F14,15.28,0.19,0.19,0.06,Horizontal,Falla a Compresión
20250820_114333.jpg,F15,13.48,0.07,0.33,0.22,Diagonal,Falla a Cortante
20250820_114333.jpg,F16,18.43,0.19,0.33,0.42,Diagonal,Falla a Cortante
20250820_114333.jpg,F17,4091.5,0.61,0.48,310.0,Diagonal,Falla a Cortante
20250820_121936.jpg,F1,15.81,0.06,0.11,0.1,Diagonal,Falla a Cortante
20250820_121936.jpg,F2,16.35,0.79,0.48,0.24,Diagonal,Falla a Cortante
20250820_121936.jpg,F3,45.07,1.77,4.21,0.15,Diagonal,Falla a Cortante
20250820_121936.jpg,F4,20.4,0.05,0.28,0.25,Diagonal,Falla a Cortante
20250820_121936.jpg,F5,16.27,0.58,0.48,0.05,Vertical,Falla a Flexión
20250820_121936.jpg,F6,4.93,0.15,0.98,0.25,Diagonal,Falla a Cortante
20250820_121936.jpg,F7,12.82,0.25,0.43,0.28,Vertical,Falla a Flexión
20250820_121936.jpg,F8,10.0,0.46,0.35,0.46,Vertical,Fisura No Estructural
20250820_121936.jpg,F9,9.95,0.07,0.2,0.1,Horizontal,Fisura No Estructural
20250820_121936.jpg,F10,14.39,0.38,0.65,0.74,Diagonal,Falla a Cortante
20250820_121936.jpg,F11,6.88,0.53,0.41,0.71,Diagonal,Falla a Cortante
20250820_121936.jpg,F12,9.07,0.63,0.06,0.18,Diagonal,Falla a Cortante
20250820_121936.jpg,F13,46.6,1.77,2.22,0.44,Diagonal,Falla a Cortante
20250820_121936.jpg,F14,15.44,0.87,0.5,0.05,Vertical,Falla a Flexión
20250820_121936.jpg,F15,18.27,0.05,2.36,1.13,Diagonal,Falla a Cortante
20250820_121936.jpg,F16,14.69,0.06,0.06,0.0,Diagonal,Falla a Cortante
20250820_121947.jpg,F1,16.73,0.51,0.57,0.26,Diagonal,Falla a Cortante
20250820_121947.jpg,F2,19.15,0.34,0.07,0.06,Diagonal,Falla a Cortante
20250820_121947.jpg,F3,27.98,0.66,0.06,0.06,Vertical,Falla a Flexión
20250820_121947.jpg,F4,18.57,0.4,0.06,0.63,Vertical,Falla a Flexión
20250820_121947.jpg,F5,12.08,0.51,0.28,0.28,Diagonal,Falla a Cortante
20250820_121947.jpg,F6,19.99,0.08,0.6,0.13,Diagonal,Falla a Cortante
20250820_121947.jpg,F7,10.31,0.27,0.54,0.07,Diagonal,Falla a Cortante
20250820_121947.jpg,F8,18.63,0.28,0.07,0.28,Vertical,Falla a Flexión
20250820_121947.jpg,F9,5.58,0.39,0.08,0.15,Horizontal,Falla a Compresión
20250820_121947.jpg,F10,5.56,0.07,0.28,0.33,Diagonal,Falla a Cortante
20250820_121947.jpg,F11,12.79,0.4,0.4,1.08,Diagonal,Falla a Cortante
20250820_121947.jpg,F12,19.95,1.54,2.79,1.54,Diagonal,Falla a Cortante
20250820_121947.jpg,F13,17.72,1.43,1.6,1.0,Diagonal,Falla a Cortante
20250820_125455.jpg,F1,37.95,0.2,1.3,1.5,Vertical,Falla a Flexión
20250820_125455.jpg,F2,101.43,0.3,1.7,0.2,Diagonal,Falla a Cortante
20250820_125455.jpg,F3,47.0,1.1,1.5,1.1,Vertical,Falla a Flexión
20250820_125455.jpg,F4,62.45,1.4,0.2,1.8,Vertical,Falla a Flexión
20250820_125455.jpg,F5,55.18,1.1,1.4,0.2,Vertical,Falla a Flexión
20250820_125455.jpg,F6,33.71,0.2,1.6,1.5,Diagonal,Falla a Cortante
20250820_125455.jpg,F7,43.53,2.7,1.9,2.0,Diagonal,Falla a Cortante
20250820_125455.jpg,F8,59.36,1.4,0.2,0.7,Vertical,Falla a Flexión
20250820_125455.jpg,F9,41.37,0.2,1.5,0.2,Diagonal,Falla a Cortante
20250820_125455.jpg,F10,55.73,0.4,0.7,0.2,Diagonal,Falla a Cortante
20250820_125455.jpg,F11,43.56,2.2,2.3,0.6,Diagonal,Falla a Cortante
20250820_125455.jpg,F12,29.34,4.4,5.2,4.4,Diagonal,Falla a Cortante
20250820_125455.jpg,F13,54.65,1.5,1.8,1.9,Diagonal,Falla a Cortante
20250820_125455.jpg,F14,51.38,0.2,0.2,0.2,Vertical,Falla a Flexión
20250820_125508.jpg,F1,14.95,0.05,0.05,0.05,Vertical,Falla a Flexión
20250820_125508.jpg,F2,10.28,0.05,0.05,0.0,Diagonal,Falla a Cortante
20250820_125508.jpg,F3,15.17,0.47,0.06,0.41,Horizontal,Fisura No Estructural
20250820_125508.jpg,F4,16.51,0.06,0.77,0.05,Diagonal,Falla a Cortante
20250820_125508.jpg,F5,11.72,0.77,0.35,0.61,Vertical,Falla a Flexión
20250820_125508.jpg,F6,12.34,0.12,0.33,0.33,Diagonal,Falla a Cortante
20250820_125508.jpg,F7,10.06,0.15,0.47,0.26,Vertical,Falla a Flexión
20250820_125508.jpg,F8,13.66,0.27,0.35,0.25,Vertical,Falla a Flexión
20250820_125508.jpg,F9,12.66,0.24,0.29,0.32,Diagonal,Falla a Cortante
20250820_125508.jpg,F10,6.61,0.05,0.2,0.29,Diagonal,Falla a Cortante
20250820_125508.jpg,F11,13.18,0.06,0.29,0.06,Diagonal,Falla a Cortante
20250820_125508.jpg,F12,14.71,0.15,0.06,0.06,Diagonal,Falla a Cortante
20250820_125508.jpg,F13,18.44,0.52,0.47,0.47,Vertical,Falla a Flexión
20250820_125508.jpg,F14,11.35,0.41,0.06,0.29,Diagonal,Falla a Cortante
20250820_125508.jpg,F15,3.75,0.57,1.13,0.55,Diagonal,Falla a Cortante
20250820_125508.jpg,F16,18.59,0.45,0.52,0.67,Vertical,Fisura No Estructural
20250820_125508.jpg,F17,10.39,0.38,0.38,0.41,Diagonal,Falla a Cortante
20250820_125508.jpg,F18,10.9,0.63,0.05,0.32,Diagonal,Falla a Cortante
20250820_125508.jpg,F19,15.75,0.58,0.4,0.47,Vertical,Falla a Flexión
20250820_125508.jpg,F20,15.63,0.97,2.84,1.9,Diagonal,Falla a Cortante
20250820_125508.jpg,F21,14.02,0.86,0.17,0.12,Diagonal,Falla a Cortante
20250820_125508.jpg,F22,7.79,0.23,0.62,1.19,Diagonal,Falla a Cortante
20250820_150250.jpg,F1,15.04,0.33,0.3,0.97,Vertical,Falla a Flexión
20250820_150250.jpg,F2,11.89,0.39,0.35,0.24,Vertical,Fisura No Estructural
20250820_150250.jpg,F3,15.9,0.68,0.93,0.5,Diagonal,Falla a Cortante
20250820_150250.jpg,F4,6.94,0.21,0.41,0.31,Vertical,Fisura No Estructural
20250820_150250.jpg,F5,11.31,0.15,0.04,0.24,Diagonal,Falla a Cortante
20250820_150250.jpg,F6,12.54,0.27,0.04,0.32,Diagonal,Falla a Cortante
20250820_150250.jpg,F7,13.58,0.57,0.33,0.31,Vertical,Fisura No Estructural
20250820_150250.jpg,F8,13.93,0.33,0.39,0.48,Vertical,Falla a Flexión
20250820_150250.jpg,F9,14.48,0.72,0.5,0.28,Vertical,Fisura No Estructural
20250820_150250.jpg,F10,11.17,0.41,0.24,0.28,Vertical,Fisura No Estructural
20250820_150250.jpg,F11,8.94,0.04,0.19,0.05,Diagonal,Falla a Cortante
20250820_150250.jpg,F12,8.33,0.15,0.41,0.35,Vertical,Fisura No Estructural
20250820_150250.jpg,F13,4.45,0.16,0.06,0.06,Diagonal,Falla a Cortante
20250820_150250.jpg,F14,11.66,0.37,0.69,0.37,Vertical,Fisura No Estructural
20250820_150250.jpg,F15,72.46,0.61,11.14,0.31,Diagonal,Falla a Cortante
20250820_150304.jpg,F1,15.45,0.18,0.3,0.36,Diagonal,Falla a Cortante
20250820_150304.jpg,F2,15.95,0.76,0.53,0.58,Vertical,Fisura No Estructural
20250820_150304.jpg,F3,16.31,0.5,0.04,0.5,Vertical,Falla a Flexión
20250820_150304.jpg,F4,16.29,1.32,0.3,0.32,Vertical,Falla a Flexión
20250820_150304.jpg,F5,16.9,0.55,0.58,0.32,Vertical,Falla a Flexión
20250820_150304.jpg,F6,12.85,0.31,0.93,0.67,Diagonal,Falla a Cortante
20250820_150304.jpg,F7,17.6,2.79,0.53,0.26,Vertical,Falla a Flexión
20250820_150304.jpg,F8,15.14,0.48,0.54,0.15,Diagonal,Falla a Cortante
20250820_150304.jpg,F9,16.62,0.97,0.22,0.32,Vertical,Falla a Flexión
20250820_150304.jpg,F10,6.6,6.45,0.22,0.3,Vertical,Falla a Flexión
20250820_150304.jpg,F11,6.14,0.67,0.84,0.04,Vertical,Falla a Flexión
20250820_150304.jpg,F12,21.81,0.71,0.67,0.71,Diagonal,Falla a Cortante
20250820_150304.jpg,F13,17.93,0.56,0.56,0.58,Diagonal,Falla a Cortante
20250820_150304.jpg,F14,6.21,0.5,0.04,0.41,Vertical,Falla a Flexión
20250820_150304.jpg,F15,8.23,0.47,0.15,0.22,Vertical,Falla a Flexión
20250820_150304.jpg,F16,6.83,0.04,0.15,0.04,Vertical,Falla a Flexión
20250820_150304.jpg,F17,16.04,1.1,0.47,0.5,Diagonal,Falla a Cortante
20250820_150304.jpg,F18,17.88,0.47,0.04,0.22,Vertical,Falla a Flexión
20250820_150304.jpg,F19,13.06,0.56,0.25,0.41,Diagonal,Falla a Cortante
20250820_150304.jpg,F20,20.23,0.29,0.51,0.48,Diagonal,Falla a Cortante
20250820_150304.jpg,F21,18.37,0.68,0.04,0.52,Vertical,Fisura No Estructural
20250820_150304.jpg,F22,22.45,0.05,0.78,0.54,Vertical,Fisura No Estructural
20250820_152042.jpg,F1,48.9,2.3,1.4,1.9,Diagonal,Falla a Cortante
20250820_152042.jpg,F2,53.9,2.4,0.2,0.2,Horizontal,Falla a Compresión
20250820_152042.jpg,F3,40.74,1.5,2.2,1.0,Horizontal,Falla a Compresión
20250820_152042.jpg,F4,56.85,1.4,0.2,0.2,Horizontal,Falla a Compresión
20250820_152042.jpg,F5,59.31,1.4,0.2,0.2,Horizontal,Falla a Compresión
20250820_152042.jpg,F6,26.3,3.8,2.3,2.4,Diagonal,Falla a Cortante
20250820_152042.jpg,F7,75.36,3.6,3.2,3.4,Diagonal,Falla a Cortante
20250820_152042.jpg,F8,72.16,0.2,0.6,0.6,Diagonal,Falla a Cortante
20250820_152042.jpg,F9,26.7,1.3,2.2,1.0,Horizontal,Falla a Compresión
20250820_152042.jpg,F10,31.03,1.3,2.1,0.2,Diagonal,Falla a Cortante
20250820_152042.jpg,F11,45.68,1.2,2.5,1.3,Diagonal,Falla a Cortante
20250820_152052.jpg,F1,21.4,0.06,0.44,0.05,Horizontal,Fisura No Estructural
20250820_152052.jpg,F2,11.47,0.53,0.54,0.4,Diagonal,Falla a Cortante
20250820_152052.jpg,F3,15.46,0.06,0.53,0.25,Diagonal,Falla a Cortante
20250820_152052.jpg,F4,11.2,0.05,0.16,0.06,Vertical,Fisura No Estructural
20250820_152052.jpg,F5,13.85,1.03,1.29,0.91,Diagonal,Falla a Cortante
20250820_152052.jpg,F6,18.1,0.26,0.63,0.61,Diagonal,Falla a Cortante
20250820_152052.jpg,F7,16.84,1.55,1.86,1.0,Vertical,Fisura No Estructural
20250820_152052.jpg,F8,5.2,0.45,0.56,0.5,Diagonal,Falla a Cortante
20250820_152052.jpg,F9,8.93,0.05,0.23,0.44,Vertical,Falla a Flexión
20250820_152052.jpg,F10,11.14,0.33,0.05,0.05,Vertical,Falla a Flexión
20250820_152052.jpg,F11,16.08,1.46,1.35,0.68,Diagonal,Falla a Cortante
20250820_160815.jpg,F1,19.73,0.05,0.05,0.14,Diagonal,Falla a Cortante
20250820_160815.jpg,F2,17.49,0.46,0.05,0.05,Vertical,Falla a Flexión
20250820_160815.jpg,F3,25.41,0.06,0.06,0.39,Diagonal,Falla a Cortante
20250820_160815.jpg,F4,11.25,0.25,0.05,0.14,Vertical,Falla a Flexión
20250820_160815.jpg,F5,11.68,0.05,0.05,0.07,Diagonal,Falla a Cortante
20250820_160815.jpg,F6,10.91,0.23,0.06,0.23,Vertical,Falla a Flexión
20250820_160815.jpg,F7,12.57,0.59,0.13,0.35,Diagonal,Falla a Cortante
20250820_160815.jpg,F8,13.01,0.59,0.16,0.38,Diagonal,Falla a Cortante
20250820_160815.jpg,F9,7.35,0.17,0.61,0.57,Diagonal,Falla a Cortante
20250820_160815.jpg,F10,7.98,0.08,0.44,0.11,Diagonal,Falla a Cortante
20250820_160815.jpg,F11,9.98,0.06,0.25,0.36,Diagonal,Falla a Cortante
20250820_160815.jpg,F12,21.84,0.06,0.21,3.06,Diagonal,Falla a Cortante
20250820_160815.jpg,F13,7.99,0.43,0.06,0.06,Vertical,Fisura No Estructural
20250820_160815.jpg,F14,14.21,0.48,1.2,0.69,Horizontal,Falla a Compresión
20250820_160815.jpg,F15,11.04,0.22,1.65,0.06,Diagonal,Falla a Cortante
20250820_160815.jpg,F16,17.85,0.27,0.25,1.07,Diagonal,Falla a Cortante
20250820_160815.jpg,F17,12.68,0.07,0.54,0.05,Vertical,Fisura No Estructural
20250820_160815.jpg,F18,8.65,0.19,0.6,0.6,Diagonal,Falla a Cortante
20250820_160815.jpg,F19,11.32,0.06,0.73,1.46,Diagonal,Falla a Cortante
20250820_160815.jpg,F20,5.72,0.05,0.09,0.05,Diagonal,Falla a Cortante
20250820_160815.jpg,F21,8.4,0.22,0.23,0.32,Diagonal,Falla a Cortante
20250820_160815.jpg,F22,8.8,0.53,0.07,0.43,Vertical,Fisura No Estructural
20250820_160828.jpg,F1,13.38,0.85,0.64,0.59,Vertical,Falla a Flexión
20250820_160828.jpg,F2,18.89,0.78,0.69,0.43,Vertical,Falla a Flexión
20250820_160828.jpg,F3,14.7,0.17,0.43,0.43,Diagonal,Falla a Cortante
20250820_160828.jpg,F4,13.79,0.05,0.06,0.05,Diagonal,Falla a Cortante
20250820_160828.jpg,F5,18.09,0.72,0.4,0.75,Vertical,Falla a Flexión
20250820_160828.jpg,F6,40.73,2.11,1.78,2.52,Diagonal,Falla a Cortante
20250820_160828.jpg,F7,9.57,2.44,0.21,0.26,Vertical,Falla a Flexión
20250820_160828.jpg,F8,7.92,0.45,0.26,0.05,Vertical,Falla a Flexión
20250820_160828.jpg,F9,13.56,0.17,0.53,0.05,Diagonal,Falla a Cortante
20250820_160828.jpg,F10,13.52,0.07,0.05,0.05,Diagonal,Falla a Cortante
20250820_160828.jpg,F11,9.57,0.05,0.14,0.17,Diagonal,Falla a Cortante
20250820_160828.jpg,F12,8.69,1.11,0.43,1.11,Vertical,Falla a Flexión
20250820_160828.jpg,F13,10.37,1.64,1.23,0.92,Diagonal,Falla a Cortante
20250820_160828.jpg,F14,3.64,0.05,0.18,0.05,Diagonal,Falla a Cortante
20250820_160828.jpg,F15,12.62,0.24,0.35,0.24,Vertical,Fisura No Estructural
20250820_160828.jpg,F16,10.84,0.05,0.33,0.33,Vertical,Fisura No Estructural
